Position,Shannon,PSSM,Property,PropertyType
1,1.0,1.0,1.0,hydrophobic
2,1.0,0.9210896782498619,1.0,negative
3,1.0,0.8878321443411747,1.0,hydrophobic
4,0.0,0.9321928094887362,1.0,hydrophobic
5,0.0,0.7775959725782069,1.0,hydrophobic
6,0.0,0.8878321443411747,0.5,hydrophobic
7,0.0,0.8132894270497346,0.5,polar
8,0.0,0.8265344566520995,0.5,hydrophobic
9,0.0,0.8878321443411747,1.0,polar
10,0.0,0.8965784284662087,1.0,hydrophobic
11,0.0,0.8132894270497346,0.5,polar
12,0.0,0.9321928094887362,0.5,positive
13,0.0,0.8293358942690592,0.5,polar
14,0.0,0.8878321443411747,0.5,polar
15,0.0,0.8680382065799839,0.5,hydrophobic
16,0.0,0.7775959725782069,1.0,hydrophobic
17,1.0,0.8878321443411747,1.0,hydrophobic
18,0.0,0.8132894270497346,0.5,hydrophobic
19,0.0,0.9265344566520994,1.0,positive
20,1.0,0.8878321443411747,1.0,hydrophobic
21,1.0,0.9473931188332412,1.0,polar
22,0.0,0.8878321443411747,1.0,polar
23,0.0,0.8107803289534514,0.5,hydrophobic
24,0.0,0.7878321443411748,1.0,hydrophobic
25,0.0,0.8265344566520995,0.5,hydrophobic
26,0.0,0.8680382065799839,0.5,polar
27,0.0,0.8878321443411747,0.5,polar
28,0.0,0.8473931188332411,0.5,hydrophobic
29,0.0,0.841119543298445,0.5,hydrophobic
30,0.0,0.8132894270497346,0.5,hydrophobic
31,0.0,0.8473931188332411,0.5,hydrophobic
32,0.0,0.8878321443411747,0.5,hydrophobic
33,0.0,0.9321928094887362,1.0,special
34,0.0,0.841119543298445,1.0,hydrophobic
35,0.0,0.8680382065799839,0.5,polar
36,0.0,0.8680382065799839,0.5,polar
37,0.0,0.8965784284662087,0.5,hydrophobic
38,0.0,0.9321928094887362,1.0,hydrophobic
39,1.0,0.9132894270497346,1.0,polar
40,0.0,0.8265344566520995,0.5,positive
41,0.0,0.9321928094887362,1.0,hydrophobic
42,0.0,0.9321928094887362,0.5,hydrophobic
43,0.0,0.8473931188332411,1.0,polar
44,0.0,0.8132894270497346,0.5,hydrophobic
45,1.0,0.9132894270497346,1.0,polar
46,0.0,0.8265344566520995,0.5,hydrophobic
47,0.0,0.841119543298445,1.0,hydrophobic
48,0.0,0.8965784284662087,0.5,hydrophobic
49,1.0,0.8878321443411747,1.0,hydrophobic
50,0.5158037429793888,0.9736965594166206,0.8333333333333334,hydrophobic
51,0.7485370014199393,0.8869859864663552,0.8333333333333334,polar
52,0.5158037429793888,0.8171368418311982,0.6666666666666666,special
53,0.7485370014199393,0.9148161027150656,0.8333333333333334,hydrophobic
54,0.5158037429793888,1.0,0.6666666666666666,hydrophobic
55,0.5907767681049402,0.9480357457491845,1.0,hydrophobic
56,0.5907767681049402,0.8270904091862896,0.8571428571428571,hydrophobic
57,0.7892419038528016,0.8533938497696688,1.0,hydrophobic
58,0.5158037429793888,0.9095419565078682,0.6666666666666666,special
59,0.5158037429793888,0.8680382065799839,0.8333333333333334,hydrophobic
60,0.6131471927654584,0.8473931188332411,0.5,polar
61,0.25790187148969446,0.7190997225060913,0.6666666666666666,hydrophobic
62,0.24196072888010556,0.7514573172829758,0.8571428571428571,hydrophobic
63,0.48373501976820055,0.9643856189774723,0.875,hydrophobic
64,0.5670683531015339,1.0,0.75,hydrophobic
65,0.646240625180289,0.8795859283219775,0.875,negative
66,0.33333333333333326,0.8095419565078682,0.3333333333333333,hydrophobic
67,1.0,1.0,1.0,hydrophobic
68,0.6473203110660545,0.8230175844993501,0.5067264573991032,negative
69,0.42586230643020917,0.7689546375195124,0.6188340807174888,polar
70,1.0,1.0,1.0,hydrophobic
71,0.779648273809421,0.9294167401686749,0.6278026905829597,hydrophobic
72,1.0,0.8336427664582476,1.0,hydrophobic
73,0.9904124802223153,0.8329943631012279,1.0,hydrophobic
74,0.9761912304193447,0.9946244098266442,1.0,hydrophobic
75,1.0,1.0,1.0,special
76,1.0,0.9107803289534516,1.0,positive
77,1.0,0.9265344566520994,1.0,positive
78,1.0,0.8756330919033137,1.0,special
79,0.9904485990482074,0.9871866421274447,0.9955357142857143,polar
80,0.7303456761070946,0.7798770878639678,0.9911111111111112,hydrophobic
81,0.5800375337118577,0.768251781014383,0.8488888888888889,hydrophobic
82,1.0,0.9265344566520994,1.0,positive
83,1.0,0.8756330919033137,1.0,hydrophobic
84,0.6805852480735779,0.8473931188332411,0.6533333333333333,positive
85,0.9404774942525498,0.9165299916058508,0.9777777777777777,negative
86,0.9487428866735612,1.0,0.9644444444444444,positive
87,1.0,0.8336427664582476,1.0,hydrophobic
88,0.8961895020614269,0.9118214779988767,0.9377777777777778,negative
89,1.0,0.9265344566520994,1.0,positive
90,1.0,0.9878321443411748,1.0,polar
91,0.4067993188124547,0.8312467765638296,0.40444444444444444,polar
92,0.9487428866735612,0.8723729767009513,1.0,hydrophobic
93,0.35781437701186525,0.8167944637314072,0.5111111111111111,polar
94,0.9644274090282456,1.0,0.9777777777777777,special
95,0.5833908258568239,0.9053505923345287,0.9911894273127754,hydrophobic
96,0.7299435160188472,0.8522092890900866,0.960352422907489,polar
97,0.9905552217512024,0.9674012540924111,0.9955947136563876,special
98,0.6719817913272329,0.9795607262074775,0.9475982532751092,hydrophobic
99,0.6295254721391708,0.7760751847030571,0.9869565217391304,hydrophobic
100,0.5627810890038328,0.849226301110467,0.6217391304347826,polar
101,0.6304089742717384,0.7760751847030571,0.9695652173913043,hydrophobic
102,0.8992563412005726,0.9093327186117441,0.991304347826087,negative
103,1.0,0.9107803289534516,1.0,positive
104,0.6357699974291561,0.8155855418940657,0.987012987012987,hydrophobic
105,0.6711960622716702,0.8143379204828174,1.0,hydrophobic
106,1.0,0.9265344566520994,1.0,positive
107,0.7868866726951412,0.8474437485948026,0.8225108225108225,special
108,0.8799799126398682,0.8956493966259549,0.9913419913419913,positive
109,0.877804040299899,0.9148305145330775,0.9567099567099567,positive
110,0.6788353054645532,0.8833927324053296,0.7445887445887446,polar
111,0.4214440221163448,0.7768538677220264,0.36796536796536794,negative
112,0.7427164771063788,0.8463369495474045,0.9177489177489178,hydrophobic
113,0.5313654976572357,0.8041522743461662,0.8008658008658008,polar
114,1.0,0.9210896782498619,1.0,negative
115,0.8531387765090355,0.9428545866570909,0.8398268398268398,special
116,0.9318324601463586,0.8259465682767594,1.0,hydrophobic
117,1.0,0.9411195432984449,1.0,hydrophobic
118,0.9906934706033259,0.9674123075328156,0.9956709956709957,special
119,1.0,0.9473931188332412,1.0,polar
120,1.0,0.9965784284662087,1.0,hydrophobic
121,0.879605906354321,0.8157103965137915,1.0,hydrophobic
122,1.0,0.9411195432984449,1.0,hydrophobic
123,0.7336184259501853,0.802657240199569,1.0,hydrophobic
124,0.650121460374275,0.8690064619197179,0.696969696969697,negative
125,0.9200233083092532,0.9314765670301357,1.0,hydrophobic
126,0.9045771355886397,0.9128070351368998,0.9656652360515021,negative
127,0.8747599247051561,0.9557662907546707,0.9184549356223176,special
128,0.9770232770210546,0.9192200688788713,0.9871244635193133,negative
129,0.3274422779900117,0.7509682878644883,0.45064377682403434,positive
130,0.9653957417619521,0.884702531292221,1.0,hydrophobic
131,1.0,1.0,1.0,positive
132,1.0,0.9293358942690592,1.0,polar
133,0.9907609777459325,0.9287153793163883,0.9957081545064378,polar
134,1.0,0.9293358942690592,1.0,polar
135,0.9092011723128937,0.8762328148346927,1.0,hydrophobic
136,0.6734185529774953,0.8487876646305226,0.9484978540772532,polar
137,0.7624674228372049,0.7955208653026283,0.5579399141630901,hydrophobic
138,1.0,0.9293358942690592,1.0,polar
139,0.9815281307403914,0.9252907463282772,0.9957081545064378,positive
140,0.9815281307403914,0.8743893815794914,0.9957081545064378,special
141,0.9907609777459325,0.8769754576255362,0.9957081545064378,hydrophobic
142,0.8194043206260873,0.8784407964127107,1.0,polar
143,0.7130599037890291,0.9827423176568812,0.7381974248927039,positive
144,0.9907609777459325,0.9404990283457743,1.0,hydrophobic
145,0.834160154564459,0.8458668041015427,1.0,hydrophobic
146,1.0,0.9265344566520994,1.0,positive
147,1.0,0.9411195432984449,1.0,hydrophobic
148,0.9508592881490349,0.8712323736794044,0.9699570815450643,special
149,0.298822397036397,0.6725034788543599,0.3948497854077253,hydrophobic
150,0.3476389104393045,0.7829518594571006,0.5965665236051502,hydrophobic
151,0.9022614131112289,0.9550905541371396,0.9141630901287554,special
152,0.7511760887083194,0.8223061652493474,0.9656652360515021,hydrophobic
153,0.5752366507150146,0.8359910135599197,0.5364806866952789,polar
154,0.771981052117849,0.7967056016628978,1.0,hydrophobic
155,0.778740957344831,0.9423526234895169,0.8369098712446352,special
156,0.31456602285069335,0.8242953989253348,0.43776824034334766,polar
157,0.26441236021499026,0.718406030019978,0.36909871244635195,negative
158,0.8665507494874374,0.8619132713208673,1.0,hydrophobic
159,0.9907609777459325,0.887211629388504,1.0,hydrophobic
160,0.39273548125826474,0.7516635639286651,0.5321888412017167,negative
161,0.3956307747540593,0.7721750069191262,0.4721030042918455,negative
162,0.8068258830033117,0.8130167292204578,1.0,hydrophobic
163,0.4826229385626043,0.9014135298757466,0.6008583690987125,polar
164,0.37208731233823356,0.7760561222172739,0.7381974248927039,polar
165,0.39660266711630443,0.877619785321364,0.3648068669527897,positive
166,0.45418498411724006,0.8025649286774508,0.5021459227467812,polar
167,0.27976172117335896,0.804501461164144,0.3562231759656652,hydrophobic
168,0.3352675796529083,0.7872116293885039,0.48068669527896996,polar
169,0.23877347205197708,0.6858326988995442,0.26609442060085836,polar
170,0.45045588838035255,0.7521929938956163,0.9356223175965666,hydrophobic
171,0.42947956531143894,0.7657991488532192,0.703862660944206,hydrophobic
172,1.0,0.9965784284662087,1.0,hydrophobic
173,1.0,0.9132894270497346,1.0,polar
174,0.602662382809878,0.8346710637844339,0.7339055793991416,negative
175,0.7592189472064729,0.9316041808228764,0.776824034334764,special
176,0.4493012324539307,0.8101598140007807,0.5622317596566524,negative
177,0.5890389469774828,0.8323990561344254,0.5278969957081545,polar
178,1.0,0.968038206579984,1.0,special
179,0.3289037059131801,0.831791604693457,0.4248927038626609,polar
180,0.493527255395401,0.8460052110920284,0.4334763948497854,special
181,1.0,0.8756330919033137,1.0,special
182,0.9549721694021918,0.9166889600259527,1.0,negative
183,0.23547330956447532,0.6961420481959546,0.3648068669527897,hydrophobic
184,1.0,0.877595972578207,1.0,hydrophobic
185,0.4567255913667402,0.7210532511560971,0.7424892703862661,hydrophobic
186,0.9670532278045598,0.8853339086854412,0.9914163090128756,hydrophobic
187,0.8605276061951525,0.9157703843333025,0.9102564102564102,polar
188,0.6623724862856849,0.8540204407751577,0.905982905982906,negative
189,0.9907943382785561,0.8750152344104013,1.0,special
190,0.599885728165694,0.7547115534936374,0.8461538461538461,hydrophobic
191,1.0,0.9411195432984449,1.0,hydrophobic
192,0.47950468100778554,0.7816265493881611,0.405982905982906,polar
193,0.9907943382785561,0.8750152344104013,0.9957264957264957,special
194,0.6930026107090697,0.7713990458442659,1.0,hydrophobic
195,0.4881297287327704,0.851575136402704,0.4188034188034188,polar
196,1.0,0.8756330919033137,1.0,hydrophobic
197,1.0,0.8878321443411747,1.0,hydrophobic
198,0.8495989735652243,0.9702749878828293,1.0,hydrophobic
199,0.5273886149415858,0.8109494750290406,0.7777777777777778,polar
200,1.0,0.9210896782498619,1.0,negative
201,0.9057326657110842,0.9584804405817607,0.9358974358974359,special
202,0.9455778293289353,0.916708055020613,0.9786324786324786,negative
203,1.0,0.8756330919033137,1.0,special
204,0.9907943382785561,0.9204718207569496,1.0,negative
205,0.668155479897711,0.7977583074784824,0.5341880341880342,hydrophobic
206,1.0,0.9265344566520994,1.0,positive
207,0.9502587281398736,0.9082708513329129,0.9658119658119658,polar
208,0.6055651977591203,0.9109774858055752,0.9871794871794872,hydrophobic
209,0.9650671487216435,0.831144530802514,0.9957081545064378,hydrophobic
210,0.9036681727438867,0.8220434369517658,1.0,hydrophobic
211,0.9907609777459325,0.833022251505577,1.0,hydrophobic
212,0.8359275186098643,0.9209657885865259,0.8369098712446352,polar
213,0.5660467060625627,0.8315722945360655,0.9871244635193133,hydrophobic
214,0.8691009371801184,0.8130453002679993,1.0,hydrophobic
215,0.9907609777459325,0.9467726038805704,0.9957081545064378,polar
216,0.5784892964149979,0.8024238572895384,0.5281385281385281,polar
217,0.581997670623313,0.9048940215024144,0.6103896103896104,polar
218,0.9651591061368194,0.8744389646781201,1.0,hydrophobic
219,0.22392086927425414,0.7557641894721645,0.4025974025974026,hydrophobic
220,0.6284727291089622,0.9044058647890626,0.5608695652173913,polar
221,0.8452005337151864,0.8987843937694062,0.908695652173913,polar
222,0.6363686006974578,0.7389901293474992,1.0,hydrophobic
223,0.7187062942073721,0.8755397286875727,0.9126637554585153,negative
224,1.0,0.9473931188332412,1.0,polar
225,0.5664156689121846,0.8084352261175844,0.8034934497816594,positive
226,0.622645304956885,0.9231682046135766,0.6387665198237885,polar
227,1.0,0.9411195432984449,1.0,hydrophobic
228,0.46604988950077697,0.7636735456841988,0.42731277533039647,positive
229,1.0,0.9107803289534516,1.0,positive
230,0.2794698854839356,0.7724198298092328,0.47577092511013214,hydrophobic
231,0.35694085717074564,0.7325539348439741,0.47619047619047616,polar
232,0.405560430035505,0.7220950447162542,0.6923076923076923,hydrophobic
233,0.12895093574484706,0.7522840788813359,0.3333333333333333,polar
234,0.651774627142776,0.8696323609668861,0.9,negative
235,0.6416486147113143,0.8680382065799839,0.5277777777777778,special
236,0.7245383301106207,0.8826232932263294,0.9444444444444444,hydrophobic
237,0.0,0.8473931188332411,1.0,polar
238,0.0,0.8878321443411747,0.5,polar
239,0.0,0.8680382065799839,0.5,polar
240,1.0,0.9107803289534516,1.0,positive
241,1.0,1.0,1.0,hydrophobic
242,1.0,0.9265344566520994,1.0,positive
