Position,HighestResidue,57%_Conserved,57%_Score,57%_Residue,62%_Conserved,62%_Score,62%_Residue,67%_Conserved,67%_Score,67%_Residue,72%_Conserved,72%_Score,72%_Residue,77%_Conserved,77%_Score,77%_Residue,82%_Conserved,82%_Score,82%_Residue,87%_Conserved,87%_Score,87%_Residue,92%_Conserved,92%_Score,92%_Residue,97%_Conserved,97%_Score,97%_Residue
2,H,True,1.0,M,True,1.0,M,True,1.0,M,True,1.0,P,True,1.0,M,False,0.5943609377704335,X,True,1.0,M,True,1.0,M,True,1.0,H
3,M,True,1.0,T,True,1.0,D,True,1.0,V,True,1.0,W,False,0.0,X,False,0.25,X,True,0.9786490553015601,Q,True,1.0,Q,True,1.0,M
4,Q,True,1.0,R,True,1.0,I,True,1.0,V,True,1.0,Y,False,0.0,X,False,0.6680611081037469,X,False,0.7913421221134282,X,True,1.0,S,True,0.9904348691472762,Q
5,S,True,1.0,T,False,0.0,X,True,1.0,A,True,1.0,R,False,0.0,X,False,0.4095637166915911,X,False,0.7913421221134282,X,True,1.0,S,True,0.9513973446302725,S
6,W,True,1.0,V,False,0.0,X,True,1.0,S,True,1.0,F,False,0.0,X,False,0.4095637166915911,X,True,1.0,W,True,1.0,W,True,0.9764949913474877,W
7,Y,False,0.7892419038528016,X,False,0.0,X,True,1.0,S,True,1.0,L,False,0.0,X,False,0.17227062322935716,X,True,1.0,Y,True,1.0,Y,True,0.9886503170910022,Y
8,L,False,0.7892419038528016,X,False,0.0,X,True,1.0,W,True,1.0,I,False,0.0,X,False,0.3065735963827293,X,True,1.0,Y,True,1.0,Y,True,0.9968214093240795,L
9,L,False,0.42061983571430495,X,False,0.0,X,True,1.0,P,True,1.0,A,False,0.0,X,False,0.43552453212757636,X,True,1.0,L,True,1.0,L,True,0.9896227764167512,L
10,Y,False,0.42061983571430495,X,False,0.0,X,True,1.0,G,True,1.0,L,False,0.0,X,False,0.43552453212757636,X,True,0.9788516564503892,L,True,1.0,L,True,0.9861050508366083,Y
11,C,False,0.42061983571430495,X,False,0.0,X,True,1.0,S,True,1.0,V,True,1.0,L,False,0.7485370014199393,X,True,0.9788516564503892,L,True,1.0,L,True,0.9861050508366083,C
12,K,False,0.42061983571430495,X,False,0.0,X,True,1.0,H,True,1.0,Y,False,0.42061983571430495,X,False,0.7485370014199393,X,True,1.0,Y,True,1.0,Y,True,0.9807054045744945,K
13,R,False,0.42061983571430495,X,False,0.0,X,True,1.0,H,True,1.0,V,False,0.42061983571430495,X,False,0.7485370014199393,X,True,1.0,C,True,1.0,C,True,0.9853355716855667,R
14,G,False,0.6890824929174288,X,False,0.0,X,True,1.0,Y,True,1.0,F,True,1.0,E,False,0.7485370014199393,X,True,1.0,C,True,1.0,C,True,0.9742975760538746,G
15,Q,False,0.6890824929174288,X,False,0.0,X,True,1.0,H,True,1.0,H,False,0.5943609377704335,X,False,0.43552453212757636,X,True,1.0,K,True,1.0,K,True,0.9822142077058916,Q
16,L,False,0.6890824929174288,X,False,0.0,X,True,1.0,Y,True,1.0,A,False,0.25,X,True,0.8942710614332623,A,True,1.0,R,True,1.0,R,True,0.9776145188931362,L
17,Q,False,0.6890824929174288,X,False,0.0,X,True,1.0,P,True,1.0,D,False,0.25,X,False,0.7321225756831439,X,True,1.0,R,True,1.0,R,True,0.9936908528892336,Q
18,R,False,0.6890824929174288,X,True,1.0,I,True,1.0,P,True,1.0,A,False,0.5943609377704335,X,False,0.5489237863587628,X,True,1.0,G,True,1.0,G,True,0.9774753441893999,R
19,A,False,0.6890824929174288,X,False,0.0,X,True,1.0,F,True,1.0,V,True,1.0,M,False,0.5489237863587628,X,True,0.9790501250178706,Q,True,1.0,Q,True,0.9829963192981698,A
20,Q,False,0.6890824929174288,X,False,0.0,X,True,1.0,I,True,1.0,F,True,0.8192526772181978,Q,False,0.6163817257683301,X,True,0.9790501250178706,Q,True,1.0,Q,True,0.9681636969319672,Q
21,E,False,0.6890824929174288,X,True,1.0,I,True,1.0,I,False,0.203546964061727,X,True,0.8192526772181978,Q,True,0.8942710614332623,R,True,1.0,L,True,1.0,L,True,0.9759111210048435,E
22,H,False,0.6890824929174288,X,True,1.0,N,True,1.0,I,False,0.203546964061727,X,True,0.8237545675774272,A,True,0.8942710614332623,V,True,1.0,Q,True,1.0,Q,True,0.9761254333010241,H
23,L,False,0.4095637166915911,X,False,0.0,X,True,1.0,S,False,0.0,X,True,1.0,W,True,0.8942710614332623,I,True,1.0,Q,True,1.0,Q,True,0.9911048340044758,L
24,E,False,0.34454124645871453,X,False,0.0,X,True,1.0,S,False,0.0,X,True,0.9918700193241994,Y,True,0.9951337503427592,M,True,0.9790501250178706,R,True,1.0,R,True,0.9847987114939788,E
25,R,False,0.25790187148969446,X,False,0.0,X,True,1.0,R,False,0.0,X,True,0.9918700193241994,Y,True,0.9684258526076018,Q,True,1.0,A,True,1.0,A,True,0.9887336318256497,R
26,Q,False,0.5158037429793888,X,False,0.0,X,True,1.0,L,False,0.0,X,True,1.0,L,False,0.764083311032487,X,True,1.0,A,True,1.0,A,True,0.9936908528892336,Q
27,A,False,0.5158037429793888,X,False,0.0,X,True,1.0,I,False,0.0,X,True,1.0,L,True,0.9903194610980625,W,True,0.9790501250178706,Q,True,0.8729568798082977,Q,True,0.9784946116058548,A
28,V,False,0.5158037429793888,X,False,0.0,X,True,1.0,V,False,0.0,X,True,1.0,Y,True,0.9951674255737069,Y,True,1.0,E,True,1.0,E,True,0.9856110984601936,V
29,N,False,0.5158037429793888,X,False,0.0,X,True,1.0,V,False,0.0,X,True,1.0,Y,True,0.990336199835631,L,True,1.0,E,True,1.0,E,True,0.9759620392422587,N
30,C,True,0.9902650170940211,M,False,0.0,X,True,1.0,G,True,1.0,L,True,0.9918953804025163,C,True,0.9781711023528938,L,True,1.0,H,True,1.0,H,True,0.976528448576799,C
31,L,False,0.6296767639792856,X,False,0.0,X,True,1.0,K,True,1.0,H,True,1.0,K,True,0.9817011012947202,Y,True,0.9790501250178706,L,True,1.0,L,True,0.9818281205833768,L
32,A,False,0.511495035546468,X,False,0.0,X,True,1.0,R,True,1.0,S,True,1.0,K,True,0.9903860474031249,C,True,0.9790501250178706,L,True,1.0,L,True,0.976528448576799,A
33,P,False,0.4070939281234539,X,False,0.0,X,True,1.0,R,True,1.0,G,True,1.0,R,True,0.9856058058381453,K,True,1.0,E,True,1.0,E,True,0.9720857715095287,P
34,M,False,0.6890824929174288,X,False,0.0,X,True,1.0,M,True,1.0,H,True,1.0,G,True,0.9952170162494792,R,True,1.0,R,True,1.0,R,True,0.963407273333675,M
35,I,False,0.6244344957986988,X,False,0.0,X,True,1.0,M,True,1.0,N,True,1.0,Q,True,0.9809085835004632,G,True,1.0,R,True,1.0,R,True,0.9685177461697075,I
38,M,True,0.9060002245158433,Y,False,0.0,X,False,0.5836470547130546,X,False,0.0,X,False,0.7408498319845548,X,True,0.9857038397744198,R,True,0.9169782531421233,A,True,1.0,V,True,0.8328588892001009,M
39,T,True,0.9806855732336688,L,False,0.0,X,True,0.9923913784599954,W,False,0.0,X,True,0.9919455966689472,R,True,0.9809734439646944,A,True,1.0,V,True,1.0,V,True,0.9454436648577227,T
40,L,True,0.8513604883581535,L,True,1.0,S,True,0.9923913784599954,W,False,0.0,X,True,0.9919455966689472,R,True,0.8955628891724194,Q,False,0.7956331708916045,X,True,1.0,N,True,0.9355892709328494,L
41,E,True,0.9316360568916637,Y,False,0.0,X,True,0.8440564561677459,Y,False,0.0,X,True,1.0,A,True,0.9733828317672988,E,False,0.7956331708916045,X,True,1.0,C,True,0.9519317391842487,E
42,K,True,0.9316360568916637,Y,False,0.0,X,True,0.992456985303409,L,False,0.0,X,True,0.879919410431435,Q,True,0.9857764353458931,H,True,1.0,C,True,1.0,C,True,0.9596809014490061,K
43,I,True,0.9827794937147525,C,False,0.0,X,True,0.9864811597342144,L,False,0.0,X,True,0.9400398420991786,E,True,0.9857764353458931,L,True,0.9790501250178706,L,True,1.0,L,True,0.8528250941897773,I
44,I,True,0.9760168678835189,K,False,0.0,X,True,1.0,Y,False,0.0,X,True,0.9400398420991786,E,True,0.9857764353458931,E,True,0.9790501250178706,L,True,0.8186808309661273,A,True,0.8683468162595356,I
45,V,True,0.8953822579504853,R,False,0.0,X,True,1.0,C,False,0.0,X,True,0.9856713514079939,H,True,0.9952575199642774,R,True,0.892945432592737,T,True,0.8186808309661273,A,True,0.9907538361072625,V
46,R,True,0.8606609975835187,G,True,1.0,S,True,1.0,C,False,0.0,X,True,0.9920196819608514,L,True,0.9857764353458931,Q,True,1.0,P,True,1.0,P,True,0.979538065140005,R
47,G,True,0.9041716492812012,Q,False,0.0,X,True,1.0,K,False,0.0,X,True,0.9138908942319873,E,False,0.0,X,True,1.0,P,True,1.0,M,True,0.9815119759833885,G
48,K,False,0.5997049074804278,X,False,0.0,X,True,1.0,R,False,0.0,X,True,0.9138908942319873,E,False,0.0,X,True,0.9063401743761573,M,True,1.0,M,True,0.993848207002525,K
49,R,False,0.3787866089491829,X,False,0.0,X,True,1.0,G,False,0.0,X,True,1.0,R,False,0.0,X,True,1.0,I,True,1.0,I,True,0.9795801672813913,R
50,T,True,0.9828434249830218,R,True,1.0,I,True,1.0,Q,False,0.0,X,True,0.9920682654669116,Q,False,0.0,X,True,1.0,I,True,1.0,T,True,0.9851909152878293,T
51,A,True,1.0,A,False,0.5158037429793888,X,True,1.0,Q,True,1.0,H,False,0.6446596489219929,X,False,0.0,X,True,0.9291160242253108,T,True,1.0,T,True,0.9834300786913414,A
52,V,False,0.4851880135703798,X,False,0.7485370014199393,X,True,0.8238405507252471,L,False,0.0,X,False,0.6446596489219929,X,True,1.0,R,True,1.0,L,True,1.0,L,True,0.9890207972320896,V
53,S,False,0.7189619527436181,X,False,0.5158037429793888,X,False,0.6889311297338934,X,False,0.0,X,True,0.984188913152897,V,True,1.0,Q,True,1.0,L,True,1.0,E,True,0.9773135727087544,S
54,E,False,0.7804452419462446,X,False,0.7485370014199393,X,True,0.9925000536301906,R,False,0.0,X,True,0.8058897921478264,N,True,0.9952575199642774,V,True,1.0,E,True,1.0,E,True,0.9882740265369756,E
55,P,True,0.9904124802223153,L,False,0.5158037429793888,X,True,1.0,A,False,0.0,X,True,0.9859251183687887,C,False,0.731221059469835,X,True,1.0,K,True,1.0,K,True,0.9706309482247676,P
56,L,True,1.0,C,False,0.5907767681049402,X,False,0.6826243534935621,X,True,0.9854615031354702,M,True,0.9859251183687887,C,True,0.9858004593655334,C,True,1.0,K,True,0.8845687088162317,I,True,0.9834637601049138,L
57,F,False,0.6010505919110039,X,False,0.5907767681049402,X,False,0.6826243534935621,X,False,0.7607803440358702,X,True,0.9842841381336132,L,True,0.9952655330384433,L,False,0.7775907919754672,X,True,0.8845687088162317,I,True,0.9725182237308392,F
58,P,True,0.8809797204199541,R,False,0.7892419038528016,X,True,0.9628215214223773,E,False,0.7696728052595175,X,False,0.6997929926319093,X,True,0.9255071646387237,T,True,0.9446234899219151,V,True,1.0,V,True,0.9938736257910893,P
59,N,True,0.9712576995941149,Q,False,0.5158037429793888,X,True,0.9812033588016382,H,True,0.9730029861542235,W,True,1.0,P,True,0.969043034785389,P,True,0.9446234899219151,V,True,1.0,R,True,0.991360084674831,N
60,Y,False,0.3781242624785507,X,False,0.5158037429793888,X,True,1.0,L,True,0.9803553556579792,Y,True,1.0,P,False,0.7336187371069639,X,True,1.0,R,True,1.0,R,True,0.996942891791071,Y
61,L,True,0.929755279609778,V,False,0.6131471927654584,X,True,0.871327025471159,E,True,0.9855947084987121,L,False,0.6176676304468764,X,True,0.9858956957117754,I,True,0.9798051733005734,G,True,1.0,G,True,0.9938862516382831,L
62,F,False,0.3762141126257328,X,False,0.25790187148969446,X,True,1.0,R,True,0.9948642412720924,Y,True,0.9568528788340059,I,True,0.875067118094832,T,True,0.9798051733005734,G,True,0.8845687088162317,K,True,0.996942891791071,F
63,V,False,0.3762141126257328,X,False,0.24196072888010556,X,True,1.0,R,True,0.9948831988579757,C,True,0.9568528788340059,I,True,0.9764991765929214,L,True,0.9798051733005734,K,True,0.8845687088162317,K,True,0.9883458577761269,V
64,E,True,0.9096485778984886,C,False,0.48373501976820055,X,True,1.0,Q,True,1.0,K,False,0.6228980285686128,X,True,0.9544553350705843,E,True,1.0,R,True,1.0,R,True,0.9827947632875883,E
65,F,False,0.6045857872561791,X,False,0.5670683531015339,X,False,0.41324644593842885,X,True,0.98978677732007,R,True,0.970833246122408,L,True,0.9906429026983383,K,True,1.0,R,True,1.0,T,True,0.9939050870244007,F
66,D,False,0.7223389426145443,X,False,0.646240625180289,X,True,0.9477350647476852,V,True,0.9949020075798906,G,True,0.9923019733297009,E,True,0.8792073458163943,M,True,0.9647363409159542,T,True,1.0,T,True,0.9833915463428529,D
67,P,True,1.0,P,False,0.33333333333333326,X,False,0.4041229433190767,X,True,0.9949113566768868,Q,True,0.9923019733297009,E,False,0.7730117581694252,X,False,0.6293545323566299,X,True,0.8845687088162317,A,True,0.9914301715205386,P
68,E,False,0.5540914744935035,X,True,1.0,M,False,0.4041229433190767,X,False,0.6724577525582739,X,True,1.0,K,True,0.9775859289625968,R,False,0.6293545323566299,X,True,1.0,V,True,0.9944731511631417,E
69,V,False,0.5313759882753427,X,False,0.6473203110660545,X,True,0.9925636767588574,C,True,0.9898428528038641,R,False,0.6941308153547048,X,True,0.9775859289625968,G,True,0.9516281157208903,V,True,1.0,V,True,0.9744236714188602,V
70,I,False,0.46544061670131953,X,False,0.4258623064302094,X,False,0.5873990178301882,X,True,0.9898428528038641,A,False,0.6160074101577176,X,True,0.8356245794470593,K,True,0.8966268374110147,S,True,1.0,S,True,0.9853716242538701,I
71,H,False,0.5289197598524911,X,True,1.0,W,False,0.7324517938744664,X,False,0.782357058541569,X,False,0.6160074101577176,X,True,0.927204790654427,T,True,0.8966268374110147,S,True,1.0,E,True,0.9939300098176963,H
72,T,True,0.8846776733792093,E,False,0.779648273809421,X,True,0.9851310501823753,P,True,0.9858280014295787,E,True,0.9846079572427285,R,False,0.6725820738728059,X,True,1.0,E,True,1.0,P,True,0.9878742528150323,T
73,T,True,0.9049241209506951,K,True,1.0,L,False,0.6992153772587248,X,True,0.9807808862844545,H,True,0.9923019733297009,G,True,0.9704884833582068,V,True,1.0,P,True,1.0,P,True,0.9861476814430004,T
74,T,False,0.5548284121965981,X,True,0.9904124802223153,L,False,0.6992153772587248,X,True,0.9859039771078996,L,True,0.9348570549297223,K,True,0.9107171966580616,S,True,1.0,P,True,1.0,L,True,0.9861476814430004,T
75,I,False,0.5941523489016877,X,True,0.9761912304193447,Y,False,0.7505808387971354,X,True,0.9859039771078996,R,True,0.9348570549297223,K,True,0.9916067032643209,E,True,1.0,L,True,1.0,F,True,0.9878866154019486,I
76,N,True,0.9668672415656567,R,True,1.0,C,False,0.7218917868469097,X,True,1.0,L,True,0.970925464881932,R,True,0.9907354923343032,P,True,1.0,F,True,1.0,F,True,0.9154813465961783,N
77,A,True,0.861913095681272,G,True,1.0,K,False,0.7144846520116546,X,True,1.0,E,True,0.8923291373873883,T,True,0.983579474548525,L,True,1.0,F,True,1.0,P,True,1.0,A
78,T,True,0.8866758069699672,K,True,1.0,R,True,0.8682408972667062,E,True,1.0,R,False,0.580115041046852,X,True,0.9953671348098831,F,True,1.0,P,True,1.0,N,True,1.0,T
79,R,True,0.8138971036463146,R,True,1.0,G,True,0.8682408972667062,E,True,0.98088420475808,Q,False,0.580115041046852,X,True,0.9953671348098831,P,True,0.9798051733005734,N,True,1.0,N,True,1.0,R
80,G,False,0.5718618794307897,X,True,0.9904485990482074,Q,True,1.0,K,False,0.5983982060320558,X,True,0.9923245353251776,V,True,0.9861050749201241,N,True,0.9798051733005734,N,True,1.0,Y,True,1.0,G
81,V,False,0.40569896130777294,X,False,0.7303456761070946,X,False,0.7517181138364708,X,True,0.9809183804373804,V,True,0.8046824453103829,S,True,1.0,Y,True,1.0,Y,True,1.0,L,True,1.0,V
82,S,False,0.6688280393368665,X,False,0.5800375337118577,X,False,0.7859328240048955,X,False,0.7680889910900108,X,True,0.9862487653893262,E,True,0.9478937997939254,L,False,0.7549801306416264,X,True,1.0,L,True,1.0,S
83,H,False,0.6688280393368665,X,True,1.0,R,True,1.0,R,True,0.9146018067213878,L,True,0.9862487653893262,E,True,1.0,F,False,0.7549801306416264,X,True,1.0,F,True,1.0,H
84,F,False,0.37699972711164487,X,True,1.0,A,True,0.9868502197971406,G,False,0.6962087949206184,X,True,1.0,P,True,0.957653728935172,V,True,1.0,F,True,1.0,V,True,1.0,F
85,V,True,0.9213472735566747,E,False,0.6805852480735779,X,True,0.9868502197971406,G,True,0.9950822868901574,P,True,1.0,L,True,0.8744000158782814,E,True,0.9798051733005734,V,True,1.0,V,True,1.0,V
86,R,False,0.7124820558138587,X,True,0.9404774942525498,E,True,0.9223281718982416,K,False,0.7249527103553612,X,True,1.0,F,True,0.9916338572146384,F,True,0.9798051733005734,V,True,0.8845687088162317,E,True,1.0,R
87,F,True,0.9010393452817463,L,True,0.9487428866735612,H,True,0.966967153552682,R,True,0.9679716065389299,I,True,1.0,F,True,1.0,D,True,1.0,E,True,1.0,F,True,1.0,F
88,G,True,1.0,F,True,1.0,L,False,0.7355023156541388,X,False,0.699352335491257,X,True,1.0,P,True,0.9836059252019719,P,True,1.0,F,True,1.0,F,True,1.0,G
89,A,True,1.0,P,True,0.8961895020614269,E,False,0.42283135799110505,X,True,0.8809992686686083,L,True,1.0,N,True,0.8591779006408444,V,True,1.0,F,True,1.0,D,True,1.0,A
90,S,True,0.9079572503399868,N,True,1.0,R,False,0.42283135799110505,X,True,0.990251882359996,K,True,0.9923692365403518,Y,True,0.9953823546850371,I,True,1.0,D,True,1.0,P,True,1.0,S
91,P,True,1.0,Y,True,1.0,Q,False,0.7950879111247818,X,True,0.8163633813138964,I,True,0.9923692365403518,Y,True,0.9953899246846308,H,True,1.0,P,True,1.0,P,True,1.0,P
92,A,True,0.8870174018278932,L,False,0.4067993188124547,X,False,0.4825949608131844,X,False,0.7651740375177021,X,True,0.9290999935345984,L,True,0.9907961407049302,T,True,1.0,P,True,1.0,E,True,1.0,A
93,I,True,1.0,F,True,0.9487428866735612,V,True,0.9869214406524868,E,True,0.9863421196338473,R,True,1.0,F,True,0.995404985520562,T,True,1.0,E,True,0.8845687088162317,V,True,1.0,I
94,V,False,0.7740958148763921,X,False,0.35781437701186525,X,True,0.8532638604029852,P,True,0.9912056252250439,G,True,1.0,F,True,0.9908261483872103,T,True,0.9315569499647759,V,True,0.8845687088162317,V,True,1.0,V
95,P,False,0.4025009592070423,X,True,0.9644274090282456,C,True,0.9485681330634259,L,True,0.9863421196338473,K,False,0.7806770406730648,X,True,0.9662476009457771,I,True,0.9315569499647759,V,True,1.0,I,True,1.0,P
96,S,True,0.9092852317283242,F,False,0.5833908258568239,X,True,0.9485681330634259,L,True,0.9863656076867284,R,True,0.9352973210277433,E,False,0.7764931097768736,X,True,1.0,I,True,1.0,H,True,1.0,S
97,A,True,0.8875590375109134,D,False,0.7299435160188472,X,True,1.0,F,True,0.90883012915662,T,True,0.9923692365403518,F,True,0.8917222623099432,A,True,1.0,H,True,1.0,H,True,1.0,A
98,V,False,0.6530212894646663,X,True,0.9905552217512024,P,True,1.0,P,True,0.9827996464456287,V,True,0.9923692365403518,F,True,0.9908261483872103,T,True,1.0,H,True,1.0,T,True,1.0,V
99,I,False,0.7205846230079046,X,False,0.6719817913272329,X,True,1.0,N,False,0.7750681753940147,X,True,0.9923692365403518,D,True,0.9871365246176657,R,True,1.0,T,True,1.0,T,True,1.0,I
100,H,False,0.3518722317908751,X,False,0.6295254721391708,X,True,1.0,Y,True,0.9912356370027767,E,True,1.0,P,True,0.9908410740871444,G,True,1.0,T,True,1.0,T,True,1.0,H
101,Q,False,0.7589203195151595,X,False,0.5627810890038328,X,True,1.0,Y,True,0.9779849749473488,P,True,1.0,E,True,0.9825881305920986,V,True,1.0,T,True,1.0,T,True,1.0,Q
102,L,True,0.870109899513084,I,False,0.6304089742717384,X,True,0.9059946626266808,L,True,1.0,L,True,1.0,E,True,0.9593944778951987,S,True,1.0,T,True,1.0,I,True,1.0,L
103,S,True,0.870109899513084,I,True,0.8992563412005726,E,True,1.0,F,True,0.9854560326539934,F,False,0.7309039115519709,X,True,0.9596823393805356,H,True,1.0,I,True,1.0,I,True,1.0,S
104,V,True,0.882443580527078,H,True,1.0,K,False,0.7304523450496793,X,True,0.9903026603368099,P,True,0.9847424015378153,I,True,0.995427380973713,F,True,1.0,I,False,0.7210570543488701,X,True,1.0,V
108,A,False,0.7981066577943283,X,False,0.7868866726951412,X,True,0.9768619604919805,D,True,0.813962238745854,I,True,1.0,T,False,0.7337288900452068,X,True,1.0,T,True,1.0,R,True,0.9770072132749893,A
109,T,False,0.4965411983286493,X,True,0.8799799126398682,K,True,0.957862055861312,P,True,0.8954025405689511,E,True,1.0,T,False,0.7657687942373754,X,True,1.0,R,True,1.0,G,True,0.970600071156351,T
110,R,True,0.8167937707649271,S,True,0.877804040299899,R,True,0.9601956078774042,E,True,0.9951506503695541,F,True,1.0,T,True,0.9883942036091105,P,True,1.0,R,True,1.0,G,True,0.9766432383054423,R
111,G,True,0.9905552217512024,T,False,0.6788353054645532,X,False,0.4159392249206211,X,True,0.9627637382127967,D,True,0.9392289807302339,I,True,0.9917668474482104,A,True,1.0,G,True,1.0,V,True,0.9789409551852668,G
112,V,True,0.9832164762100929,R,False,0.4214440221163448,X,False,0.4159392249206211,X,True,0.9951674255737069,E,False,0.780849448480013,X,False,0.5844041856565182,X,True,1.0,V,True,1.0,S,True,0.9792980361834293,V
113,S,True,0.9644292320716988,G,False,0.7427164771063788,X,True,0.9610863668683844,I,False,0.5706514082029293,X,True,0.9224099542117756,A,True,0.9863521549944112,V,True,1.0,V,True,1.0,S,True,0.9824280245294876,S
114,H,True,0.9705181324180083,V,False,0.5313654976572357,X,True,1.0,H,True,0.9828869968257595,I,True,0.9224099542117756,A,True,0.9822898446754094,P,True,0.9647363409159542,S,True,1.0,H,True,0.9884751421199355,H
115,F,False,0.7138139161668808,X,True,1.0,E,True,1.0,T,True,0.9951757668089455,H,True,1.0,T,True,0.8439534228472695,S,True,0.9446234899219151,H,True,1.0,F,True,0.9850519131724244,F
116,V,False,0.7612250445102904,X,True,0.8531387765090355,P,True,1.0,T,True,0.9951674255737069,T,True,1.0,R,False,0.6919225088744053,X,True,0.9446234899219151,H,True,1.0,F,True,0.9832223424415053,V
117,R,True,0.9811868427613231,F,True,0.9318324601463586,L,True,1.0,T,True,0.9951590534857913,T,True,0.9788257890963002,G,True,0.9801863164580749,V,True,1.0,F,True,1.0,V,True,0.9722112991980097,R
118,F,False,0.7692514765844214,X,True,1.0,F,True,1.0,T,True,0.9903194610980625,T,True,0.9788257890963002,G,True,0.9872391183970401,I,True,1.0,V,True,1.0,R,True,0.9885098728888071,F
119,G,True,0.9163438467431428,R,True,0.9906934706033259,P,True,0.8945633148998259,I,True,0.9336355343072095,I,True,1.0,V,True,0.8890764875097319,H,True,1.0,V,True,1.0,R,True,0.9753008210195052,G
120,A,True,0.9460494840614473,F,True,1.0,N,True,0.8169439092568456,S,True,0.8474508955524048,A,False,0.783806801403905,X,True,0.9826995121465555,Q,True,1.0,R,True,1.0,F,True,0.9484897768934976,A
121,S,True,0.8068399415343472,G,True,1.0,Y,True,0.8027154260976284,A,True,0.9903860474031249,T,False,0.7030160063676426,X,True,0.9909149321859805,L,True,1.0,F,True,1.0,G,True,0.9841111813437271,S
122,P,False,0.33043762108170793,X,True,0.879605906354321,L,True,0.9928070155276915,T,True,0.9808104027259217,R,False,0.7030160063676426,X,True,0.8865493792849769,S,True,1.0,F,True,1.0,G,True,0.9662574126446541,P
123,A,True,1.0,R,True,1.0,F,True,1.0,R,True,0.9856058058381453,G,True,1.0,F,True,0.8204941191949393,Y,True,1.0,G,True,0.8845687088162317,A,True,0.9781019118639878,A
124,I,True,1.0,R,True,1.0,F,True,1.0,R,True,0.9904025415295676,V,True,0.9789458036849961,V,True,0.8909171823177022,Q,True,0.9053572171045949,A,True,0.8845687088162317,S,True,0.9879724089790284,I
125,V,False,0.3374847209783255,X,False,0.7336184259501853,X,True,1.0,G,False,0.7872203993186986,X,True,0.9789458036849961,V,False,0.6974186099155977,X,True,0.9053572171045949,A,True,0.8845687088162317,S,True,0.9778116214374192,V
126,P,True,0.854711285937229,P,False,0.650121460374275,X,True,0.9564767897239347,V,False,0.6962701789140049,X,True,1.0,R,True,0.9826995121465555,P,False,0.573888419751827,X,True,1.0,P,True,0.988532903079607,P
127,S,False,0.6352063713014611,X,True,0.9200233083092532,F,True,0.9052454827064156,S,True,0.9697494685409479,V,True,1.0,F,True,0.9083172080835746,E,True,0.9520329396260155,P,True,1.0,A,True,0.9940034953935659,S
128,A,False,0.44620028515784627,X,True,0.9045771355886397,D,False,0.7634786225994945,X,True,0.9771328054066827,R,True,0.9849609682392766,G,False,0.7274182269243838,X,True,0.9520329396260155,P,True,1.0,A,True,0.985547699036798,A
129,V,True,0.891604905837396,V,True,0.874759924705156,P,False,0.7634786225994945,X,True,1.0,X,True,0.9849609682392766,G,False,0.7140057074724736,X,True,1.0,A,True,0.8845687088162317,I,True,0.9727944295777787,V
130,I,True,0.8756855986583467,P,True,0.9770232770210546,E,True,1.0,F,True,1.0,W,False,0.7163606004471932,X,False,0.7392039006959965,X,False,0.7744117771202239,X,True,1.0,V,True,0.9838886649774197,I
131,H,False,0.4655494637070692,X,False,0.3274422779900117,X,True,0.9357904604444205,V,True,1.0,R,False,0.5114405022191331,X,True,0.9827271197883641,D,False,0.7744117771202239,X,True,1.0,V,True,0.9863397481153601,H
132,Q,False,0.368168757069243,X,True,0.9653957417619521,I,True,1.0,R,True,1.0,P,True,0.9925000536301906,P,True,0.9954641937763931,P,True,1.0,V,True,1.0,P,True,0.9970195461795918,Q
133,L,False,0.6219516595737751,X,True,1.0,H,True,1.0,F,True,1.0,T,True,0.9925000536301906,P,False,0.7777886865170167,X,True,1.0,P,True,0.8845687088162317,S,True,0.997022527541416,L
134,S,True,0.8949322994805358,I,True,1.0,T,True,0.9870959043021258,G,True,1.0,R,True,0.9850889173947537,A,True,0.9781610809260723,T,True,1.0,P,True,0.8845687088162317,S,True,0.9940633049180416,S
135,V,False,0.4596669990035671,X,True,0.9907609777459325,T,True,0.9870959043021258,G,True,1.0,R,False,0.47512692284231706,X,True,0.976218722801152,P,True,0.9056657669071255,S,True,0.8845687088162317,A,True,0.9530117140706449,V
136,Y,False,0.487349033258472,X,True,1.0,T,False,0.39590112103223674,X,True,1.0,P,True,0.9718143333254434,V,True,1.0,Y,False,0.5234389983053347,X,True,1.0,V,True,0.9852057672145782,Y
137,K,True,0.8026010358014595,L,True,0.9092011723128937,I,False,0.5612400510657176,X,True,0.9905002518292174,F,True,0.9718143333254434,V,False,0.7957730314984615,X,False,0.5234389983053347,X,True,1.0,V,True,0.9940868753200827,K
138,P,False,0.5041312748010796,X,False,0.6734185529774953,X,True,0.9423220866258614,P,True,0.9857523243974742,G,True,0.9925636767588574,P,False,0.6300543314641521,X,True,1.0,V,True,1.0,I,True,0.9835350347004072,P
139,K,False,0.44917076436121295,X,False,0.7624674228372049,X,False,0.6531849695005212,X,False,0.680823365320244,X,False,0.6480230532354672,X,True,0.986396075715758,G,True,1.0,I,True,0.8845687088162317,H,True,0.9566536890129211,K
140,D,False,0.2635924543701783,X,True,1.0,T,False,0.6531849695005212,X,False,0.749119307325976,X,False,0.4286558935631164,X,True,0.9872594272573989,D,True,1.0,I,True,0.8845687088162317,H,True,0.9732564866535163,D
141,I,False,0.4802923931263756,X,True,0.9815281307403914,R,False,0.5768119315919098,X,True,0.9780455399753603,P,False,0.4286558935631164,X,True,0.9827546333282261,V,True,1.0,H,True,0.8845687088162317,Q,True,0.9887468828139053,I
142,V,False,0.2934243334027795,X,True,0.9815281307403914,G,False,0.7630843534905877,X,False,0.6554629763873163,X,True,0.9851310501823753,V,False,0.725628255305973,X,True,1.0,Q,True,1.0,L,True,0.9841079416631783,V
143,D,False,0.3222408784993036,X,True,0.9907609777459325,V,True,0.8660184702895786,P,True,1.0,S,True,0.9866684469475565,I,True,1.0,I,True,1.0,Q,True,0.8845687088162317,S,True,0.9887579096157517,D
144,P,False,0.3222408784993036,X,True,0.8194043206260873,S,False,0.3820645800631377,X,True,1.0,A,False,0.6722078032735741,X,True,0.9818637682467232,T,True,0.9799848095058138,L,True,0.8845687088162317,S,True,0.9841233604518052,P
146,T,False,0.5252990700743871,X,True,0.9907609777459325,F,False,0.28820946237399603,X,True,1.0,R,True,0.8615323453230359,Q,True,0.9864179231964811,G,True,1.0,S,True,0.8845687088162317,Y,True,0.9389326686648951,T
147,P,False,0.39003934911599303,X,True,0.834160154564459,V,True,0.9641116414060941,V,True,1.0,G,True,0.9925846281623558,L,True,0.9827820532583664,A,False,0.7979670088957399,X,True,0.8845687088162317,Y,True,0.981183755217491,P
148,Y,False,0.27122547583831214,X,True,1.0,R,True,0.9613851825774978,I,True,1.0,V,False,0.6988503467243923,X,True,0.995478742509612,F,True,0.9122857056666247,Y,True,0.8845687088162317,K,True,0.9941218603862325,Y
149,P,False,0.34298098188370996,X,True,1.0,F,False,0.4425799253471552,X,True,1.0,N,False,0.6988503467243923,X,True,0.9768270712875349,E,True,0.9122857056666247,Y,True,1.0,P,True,0.9865524077033072,P
150,G,False,0.6730201201231893,X,True,0.9508592881490349,G,False,0.48188514858397,X,True,1.0,F,False,0.49631821741433835,X,True,0.9864396959509472,G,True,1.0,Q,True,1.0,P,True,0.9630541079171255,G
151,D,False,0.3788451168836161,X,False,0.298822397036397,X,False,0.48188514858397,X,True,1.0,V,True,0.8144245026774528,Y,True,0.9668198808952084,L,True,0.9122857056666247,K,False,0.7438478550696795,X,True,0.9893027829059431,D
152,K,False,0.5258610256661207,X,False,0.3476389104393045,X,True,0.8457064441457008,L,True,1.0,R,True,0.8397268570738807,Q,False,0.6986643538633148,X,True,0.9122857056666247,K,False,0.6427655437781385,X,True,1.0,K
153,V,False,0.7209679068435313,X,True,0.9022614131112289,P,False,0.45559955904818106,X,True,1.0,F,True,0.8397268570738807,Q,True,0.9954859796075591,A,True,1.0,P,False,0.6427655437781385,X,True,0.9750056703546678,V
154,I,False,0.4799458696427229,X,False,0.7511760887083195,X,True,1.0,A,True,1.0,G,False,0.5998283230432407,X,True,1.0,I,True,0.8975043720022144,E,True,0.8845687088162317,I,True,0.994144940427644,I
155,I,False,0.517582382251861,X,False,0.5752366507150146,X,False,0.29417659577081323,X,True,1.0,A,True,0.8424636358154036,P,True,0.9954859796075591,F,True,0.8975043720022144,E,True,0.8845687088162317,V,True,0.9895305164522163,I
156,T,True,0.8702138381629064,P,False,0.771981052117849,X,False,0.4031156771379283,X,True,1.0,L,True,0.8424636358154036,P,False,0.7538472488313549,X,True,0.8800272239808162,G,True,0.8845687088162317,V,True,0.9917471912246552,T
157,E,False,0.42061983571430495,X,False,0.778740957344831,X,False,0.4031156771379283,X,True,1.0,A,True,0.8727678705668365,E,True,0.9873798416450734,E,True,0.8576436540477947,I,True,1.0,D,True,0.9946712162900303,E
158,G,False,0.30214067163535385,X,False,0.31456602285069346,X,False,0.4112001575430705,X,True,1.0,I,False,0.6248909305452928,X,True,0.9910162251796985,D,True,0.8576436540477947,I,True,1.0,P,True,0.973149524865404,G
159,A,False,0.5114752634696094,X,False,0.26441236021499037,X,False,0.21729898999498187,X,True,0.9050840604267957,V,False,0.7607045362268274,X,True,0.9918700193241994,G,True,0.8149325478903158,V,True,1.0,P,True,0.9682866228271952,A
160,F,False,0.341581973738347,X,True,0.8665507494874373,V,True,1.0,H,True,0.9700001864979125,P,False,0.7607045362268274,X,True,0.9910162251796985,E,True,1.0,D,False,0.5497845618944286,X,True,0.9888453021177642,F
161,E,True,1.0,G,True,0.9907609777459325,I,False,0.36137894323741093,X,False,0.5711900675582362,X,True,0.8661342462052881,T,True,1.0,N,True,1.0,D,True,1.0,T,True,0.9888453021177642,E
162,G,True,0.8609250983785677,D,False,0.39273548125826496,X,False,0.36137894323741093,X,False,0.5723159478172987,X,True,0.9488273928537907,D,True,1.0,S,True,1.0,P,True,1.0,T,True,0.9835301692545253,G
163,F,False,0.35527825337330154,X,False,0.3956307747540594,X,False,0.23315864346434334,X,True,0.9905800705383884,V,True,0.8996768554775215,P,True,1.0,L,False,0.6915404304526314,X,True,1.0,P,True,0.9917631860876112,F
164,Q,False,0.35527825337330154,X,True,0.8068258830033117,L,False,0.3885450190909985,X,False,0.632488563089765,X,True,0.8996768554775215,P,True,1.0,Y,False,0.6915404304526314,X,True,0.8845687088162317,Y,True,0.9888453021177642,Q
165,A,True,0.9740089783853529,V,False,0.4826229385626045,X,False,0.4200404324136813,X,False,0.7390163662414584,X,False,0.740632741881414,X,True,1.0,A,True,1.0,T,True,0.8845687088162317,Y,True,0.9813289533261836,A
166,I,False,0.44442091244956394,X,False,0.37208731233823356,X,True,1.0,Y,True,1.0,F,True,0.9240438000911324,T,True,1.0,A,True,1.0,P,True,0.8845687088162317,P,True,0.9970808517618508,I
167,F,True,0.943068269591244,I,False,0.39660266711630465,X,True,1.0,S,True,0.9905642214866754,L,True,0.9852970601375589,P,False,0.7655139827873986,X,True,1.0,P,True,0.8845687088162317,G,True,0.9941621244726049,F
168,T,True,0.8366200990153503,T,False,0.4541849841172404,X,True,1.0,S,False,0.6377603559325902,X,True,0.9852970601375589,P,True,0.9955003799153896,R,False,0.6647733417978048,X,True,0.8845687088162317,G,True,0.9796734621245728,T
169,E,False,0.6617784755576412,X,False,0.27976172117335896,X,False,0.7423225113915614,X,False,0.5928399024132611,X,False,0.6085086400288193,X,True,0.9864830188454803,S,True,0.9302401791711812,P,True,1.0,D,True,0.9835461060598812,E
170,P,True,0.9811169502524333,G,False,0.33526757965290854,X,True,0.875727647697343,P,False,0.6488265918568598,X,False,0.48105112426468677,X,True,0.9588452985610321,M,True,0.9302401791711812,P,False,0.6427655437781385,X,True,0.9734499266834037,P
171,D,False,0.7209723871978572,X,False,0.2387734720519773,X,False,0.5275046988689551,X,True,0.9413416757478741,K,True,0.9853379438941356,G,True,0.9954859796075591,L,True,1.0,G,False,0.6427655437781385,X,True,0.9779148041060485,D
172,G,True,0.9642986180047889,F,False,0.45045588838035266,X,False,0.6613398623768871,X,False,0.3655626878605396,X,True,0.9853379438941356,G,True,0.9909731103499919,L,True,0.9799848095058138,D,True,1.0,V,True,0.969603194570712,G
173,E,False,0.5720695970862893,X,False,0.42947956531143905,X,False,0.6613398623768871,X,False,0.646240625180289,X,True,0.9926671836217772,D,True,0.9909586404413807,L,True,0.9799848095058138,D,True,0.8845687088162317,I,True,0.983757602979492,E
174,A,True,0.9671066398008539,G,True,1.0,Y,True,0.9928843855711599,P,True,1.0,X,False,0.579812323319024,X,True,0.9655279269970495,N,False,0.6748859659297316,X,True,0.8845687088162317,I,True,0.9762580881157761,A
175,R,False,0.5606788096910406,X,True,1.0,S,False,0.5015071767932353,X,True,1.0,L,True,0.9854189847228779,V,True,0.9599269476042984,L,True,1.0,V,True,1.0,I,True,0.9888669245884235,R
177,S,True,1.0,A,False,0.7592189472064729,X,True,1.0,G,True,1.0,T,False,0.6863657891063448,X,True,1.0,A,False,0.7919191095189029,X,True,1.0,E,True,0.983043805725621,S
178,M,True,0.9905552217512024,I,False,0.4493012324539307,X,True,0.9680101479757389,D,False,0.0,X,True,1.0,I,True,0.9776758180636473,K,True,1.0,I,True,1.0,E,True,0.9820098875564397,M
179,L,False,0.7694726981428752,X,False,0.5890389469774828,X,True,0.9680101479757389,D,False,0.76769216939283,X,True,0.9927278193852221,T,False,0.7970970191716646,X,True,1.0,I,True,1.0,G,True,0.9912266553120348,L
180,L,False,0.4267469320146079,X,True,1.0,P,False,0.41360954219095625,X,False,0.5886220145475689,X,True,0.9927278193852221,T,True,0.9194598046991393,V,True,1.0,T,True,1.0,A,True,0.9970693818679611,L
181,L,True,0.9440166290454172,E,False,0.3289037059131801,X,True,1.0,V,True,1.0,I,False,0.7570841461076373,X,False,0.7301914388567761,X,True,0.9516281157208903,E,True,1.0,A,True,0.9895204131882862,L
182,N,True,0.8189774975569684,P,False,0.493527255395401,X,False,0.5158586501800535,X,False,0.6712148321827303,X,True,0.9725048897216397,G,True,0.957396518200311,Q,True,0.9516281157208903,E,True,1.0,F,True,0.9805190496886347,N
183,L,False,0.746375966350749,X,True,1.0,G,True,1.0,I,False,0.67335177424497,X,True,0.9524225793306341,A,True,0.9816570862917438,S,True,0.9798051733005734,G,True,1.0,E,True,0.9887689134161389,L
184,I,True,0.9906593176258431,G,True,0.9549721694021918,D,False,0.7459944494280446,X,True,0.944322792083839,D,True,0.9524225793306341,A,True,0.9791206161716056,V,True,1.0,A,True,1.0,E,True,0.9765897290663259,I
185,N,True,0.9906593176258431,G,False,0.23547330956447543,X,False,0.7459944494280446,X,True,0.9210405319444985,P,True,0.9220537518090789,F,True,0.9825035817089375,K,True,1.0,A,True,1.0,G,True,0.9744335517805046,N
186,K,True,0.9427972355145969,E,True,1.0,V,True,1.0,D,True,0.8857714892259704,T,True,0.9927676498398517,E,True,0.9815367084744137,N,True,1.0,F,True,0.8729568798082977,F,True,0.9822305810491709,K
187,E,False,0.45283303074610626,X,False,0.4567255913667402,X,True,1.0,G,True,0.9500145689339595,P,True,0.9927676498398517,E,True,0.9758767865605426,T,True,1.0,E,True,0.8729568798082977,F,True,0.9735109023432237,E
188,I,True,0.9906593176258431,R,True,0.9670532278045598,I,True,1.0,A,False,0.6263705960053934,X,True,0.9927676498398517,G,False,0.6475166314831197,X,True,1.0,E,True,1.0,Q,True,0.9916168059450988,I
189,K,True,0.9707233462830986,S,True,0.8605276061951525,T,False,0.5990322076794237,X,False,0.678770713579123,X,True,0.9275021571346999,L,True,0.977805371557659,F,True,1.0,G,True,1.0,A,True,0.9826903020730359,K
190,H,False,0.721705903929416,X,False,0.6623724862856849,X,False,0.5990322076794237,X,True,0.9860821385235315,G,False,0.7123286846516212,X,False,0.0,X,True,0.9197790291714413,L,True,1.0,A,True,0.9801507905316099,H
191,S,True,0.9017316002337806,L,True,0.9907943382785561,G,True,1.0,G,True,0.9786522402978501,D,False,0.7123286846516212,X,False,0.0,X,True,0.9197790291714413,L,True,1.0,I,True,0.9731975530682824,S
192,V,True,0.9049480114831492,L,False,0.599885728165694,X,False,0.5391500001619554,X,False,0.6391344162845509,X,True,0.9928070155276915,A,False,0.0,X,False,0.7624805393433158,X,True,1.0,F,True,0.9841582596687541,V
193,K,True,0.9089621971321288,L,True,1.0,F,True,0.9821799729074413,F,True,0.9714116168571002,V,True,0.9928265266830532,I,True,1.0,A,True,1.0,A,True,1.0,F,True,0.9862306981963065,K
194,N,True,0.8351462307323771,N,False,0.47950468100778554,X,False,0.5412376190487123,X,True,0.995427380973713,I,True,0.9856564498046055,F,True,1.0,I,True,1.0,A,False,0.7266725226682174,X,True,0.9771150979418722,N
195,T,True,1.0,C,True,0.9907943382785561,G,True,1.0,G,True,0.9186502743740196,T,True,0.9856564498046055,F,True,1.0,V,True,0.9798051733005734,I,True,1.0,E,True,0.9751272380900946,T
196,E,True,1.0,Y,False,0.6930026107090697,X,True,1.0,G,False,0.7443440745533876,X,False,0.622975186945129,X,True,1.0,Q,True,1.0,F,True,1.0,E,True,0.9823566472752763,E
197,F,True,1.0,C,False,0.4881297287327704,X,True,0.8455074342796292,L,True,0.9743250845992883,G,True,1.0,E,True,1.0,N,True,1.0,F,True,1.0,P,True,0.9800745545429733,F
198,R,True,1.0,L,True,1.0,A,False,0.604147780500683,X,True,0.8066373718028714,A,True,0.9928459247404443,P,True,1.0,T,True,0.9296375596198614,T,True,1.0,D,True,0.977588159408614,R
199,K,False,0.7709588798162625,X,True,1.0,I,True,1.0,A,True,0.9457635821088778,F,True,0.9928459247404443,P,True,1.0,T,True,1.0,E,True,1.0,D,True,0.9792851725595735,K
200,L,True,0.8638967361835364,L,True,0.8495989735652243,Y,True,1.0,I,True,0.8966755740105298,E,True,0.9856952243546624,D,True,1.0,S,True,1.0,E,True,1.0,G,True,0.9607285999961998,L
203,R,False,0.3826472022671774,X,True,0.9057326657110842,P,False,0.719348567896561,X,True,0.9772227062210435,A,True,0.9928459247404443,E,False,0.5945819494188198,X,True,1.0,D,True,1.0,A,True,1.0,R
204,N,False,0.7434498767033094,X,True,0.9455778293289353,D,True,1.0,E,True,0.96898828698757,I,True,0.9515163358595132,A,False,0.0,X,True,1.0,G,True,1.0,R,True,1.0,N
205,P,False,0.7434498767033094,X,True,1.0,G,True,0.9499428513823849,P,True,0.8958725417209237,F,True,1.0,R,False,0.0,X,True,0.9600094917922505,E,True,1.0,R,True,1.0,P
206,K,False,0.38890314403704773,X,True,0.9907943382785561,E,True,0.9929034503194845,D,True,0.8103972725776513,T,True,1.0,S,False,0.0,X,True,0.9600094917922505,E,True,1.0,S,True,1.0,K
207,Q,False,0.6270432484194838,X,False,0.668155479897711,X,True,0.9929034503194845,D,True,0.9908707705884066,E,True,1.0,S,False,0.0,X,True,0.8734484142342107,A,True,1.0,M,True,1.0,Q
208,C,False,0.5031904802902099,X,True,1.0,R,True,1.0,G,True,0.9872391183970401,P,True,0.9799097672420423,M,False,0.7514355883916399,X,True,1.0,R,True,1.0,M,True,1.0,C
209,F,False,0.620274069480546,X,True,0.9502587281398736,S,True,0.9821799729074413,E,True,0.9781959829525259,G,True,1.0,L,False,0.5187606810740852,X,True,1.0,R,True,1.0,L,True,1.0,F
210,D,False,0.6701525341405199,X,False,0.6055651977591203,X,False,0.7747705224389998,X,True,0.9954714806094815,E,True,1.0,L,False,0.4785807531278494,X,True,1.0,S,True,1.0,L,True,1.0,D
211,I,True,0.9646873928963222,N,True,0.9650671487216435,L,True,1.0,R,True,0.884818584194497,A,True,1.0,L,False,0.0,X,True,1.0,M,True,1.0,L,True,1.0,I
212,G,False,0.5052170580972384,X,True,0.9036681727438867,L,True,1.0,R,True,0.978230765910344,R,True,1.0,L,False,0.0,X,True,1.0,M,True,1.0,L,True,1.0,G
213,I,False,0.6161782991792966,X,True,0.9907609777459325,L,True,0.9571139878852634,S,True,0.990944120952399,S,True,0.9277854237371586,N,False,0.42061983571430495,X,True,1.0,L,True,0.8845687088162317,N,True,1.0,I
214,R,True,0.9068107564667676,F,True,0.8359275186098643,N,False,0.7428481245420666,X,True,0.910904774474801,M,True,0.9277854237371586,L,False,0.0,X,True,1.0,L,True,0.8845687088162317,L,True,1.0,R
215,G,False,0.3451540980358929,X,False,0.5660467060625627,X,True,1.0,L,True,1.0,L,True,0.9277854237371586,L,False,0.0,X,True,1.0,L,True,0.8845687088162317,L,True,1.0,G
216,G,True,0.8855390657121174,K,True,0.8691009371801184,L,True,0.987298749581375,L,True,0.9954641937763931,L,True,0.9856174492659612,L,False,0.0,X,True,1.0,L,True,0.8186808309661273,I,True,1.0,G
217,S,False,0.3364406917803945,X,True,0.9907609777459325,N,True,1.0,L,True,0.970653079123169,N,True,1.0,N,False,0.0,X,True,1.0,N,True,1.0,N,True,1.0,S
218,Q,False,0.36544508084261607,X,False,0.5784892964149979,X,True,1.0,L,True,0.9179424704884642,L,True,1.0,N,False,0.0,X,True,1.0,N,True,1.0,N,True,1.0,Q
219,P,False,0.4860771379159955,X,False,0.581997670623313,X,True,0.9298069534312093,N,True,0.9126237222023238,L,True,0.938562252515266,K,False,0.0,X,True,1.0,L,True,0.8729568798082977,K,True,1.0,P
220,C,False,0.32460653060204203,X,True,0.9651591061368194,V,False,0.6967896118692861,X,True,0.9954641937763931,N,True,0.8654341399795332,Q,True,1.0,S,True,0.9398080305279827,L,False,0.7497113072585337,X,True,1.0,C
221,G,False,0.14020661190476824,X,False,0.22392086927425414,X,False,0.7992719240710543,X,True,0.9506475663552415,K,True,0.964248196379633,V,True,1.0,P,True,0.9398080305279827,L,False,0.7497113072585337,X,True,1.0,G
222,I,False,0.42061983571430495,X,False,0.6284727291089622,X,True,0.9928843855711599,N,True,0.9725906361736615,Q,True,0.964248196379633,V,False,0.0,X,True,1.0,N,False,0.6413657882431565,X,True,1.0,I
223,F,False,0.6490546570035595,X,True,0.8452005337151864,S,True,0.9928843855711599,N,False,0.6247595417406013,X,False,0.749343381720965,X,False,0.42061983571430495,X,True,1.0,K,True,1.0,K,True,1.0,F
224,S,False,0.3437342109109691,X,False,0.6363686006974578,X,False,0.7388618778654605,X,True,0.8606844516061279,Q,True,0.9288894359174742,Q,False,0.0,X,True,1.0,K,True,1.0,K,True,1.0,S
225,T,False,0.3437342109109691,X,False,0.7187062942073721,X,False,0.7714281555925855,X,True,0.9827271197883641,S,True,0.9927278193852221,S,False,0.42061983571430495,X,True,0.8868764297856656,E,True,1.0,H,True,1.0,T
226,P,False,0.34454124645871453,X,True,1.0,N,True,0.8650123753335355,V,True,0.8493515284825723,V,True,0.9927278193852221,S,False,0.42061983571430495,X,False,0.7956331708916045,X,True,1.0,S,True,1.0,P
227,V,False,0.0,X,False,0.5664156689121846,X,False,0.3053031088893823,X,False,0.7076547205623878,X,True,0.9486953566076765,V,False,0.0,X,False,0.7956331708916045,X,True,1.0,S,True,1.0,V
228,R,False,0.0,X,False,0.622645304956885,X,False,0.6944911574791823,X,True,0.9723790179207789,N,True,0.81671061832323,K,False,0.0,X,True,0.9426037868763257,K,True,0.8412396714286099,V,True,1.0,R
229,N,False,0.0,X,True,1.0,F,False,0.6944911574791823,X,False,0.7246275854626585,X,True,0.9926671836217772,N,False,0.0,X,True,0.8759269165897294,Q,True,0.8412396714286099,K,True,1.0,N
230,T,False,0.0,X,False,0.46604988950077697,X,True,1.0,I,False,0.7031208164042646,X,True,0.9926671836217772,N,False,0.0,X,True,0.8759269165897294,Q,True,0.8412396714286099,K,True,1.0,T
231,L,False,0.42061983571430495,X,True,1.0,K,True,0.9529308613890153,S,False,0.6234077013751687,X,True,0.9097826822488144,T,False,0.0,X,True,0.9788516564503892,S,True,0.8412396714286099,N,True,1.0,L
232,Q,False,0.0,X,False,0.2794698854839356,X,False,0.6151874211779007,X,True,0.9748152679763823,K,False,0.7578712421322903,X,True,1.0,C,True,0.9788516564503892,V,True,0.8412396714286099,T,True,1.0,Q
233,N,False,0.42061983571430495,X,False,0.35694085717074564,X,False,0.715057147722941,X,True,0.851870179395672,L,True,1.0,F,False,0.0,X,True,0.9788516564503892,V,True,0.8412396714286099,T,True,1.0,N
234,M,False,0.0,X,False,0.405560430035505,X,False,0.715057147722941,X,True,1.0,S,True,1.0,F,False,0.0,X,True,1.0,K,True,1.0,P,True,1.0,M
235,G,False,0.0,X,False,0.12895093574484706,X,True,1.0,N,False,0.0,X,False,0.6456679861495314,X,False,0.0,X,True,1.0,N,True,1.0,N,True,1.0,G
236,Q,False,0.0,X,False,0.651774627142776,X,False,0.6563399233758105,X,True,1.0,R,True,1.0,C,False,0.0,X,True,1.0,N,True,1.0,N,True,1.0,Q
242,A,False,0.0,X,True,1.0,K,False,0.3020357534727366,X,True,1.0,K,False,0.4770403950406972,X,False,0.0,X,True,0.9782309106567574,R,True,1.0,K,True,1.0,A
243,P,False,0.0,X,True,1.0,M,False,0.3298995075107456,X,True,1.0,P,False,0.2804132238095366,X,False,0.0,X,True,0.9565108686945367,K,True,1.0,N,True,1.0,P
244,G,False,0.0,X,True,1.0,R,False,0.4727172856229198,X,False,0.6890824929174288,X,False,0.0,X,False,0.0,X,False,0.653859663837324,X,False,0.5164139037000675,X,True,1.0,G
