Identity_Percentage,Position
57,1
57,2
57,3
57,4
57,5
57,6
57,7
57,8
57,9
57,10
57,11
57,12
57,13
57,14
57,15
57,16
57,17
57,18
57,19
57,20
57,21
57,22
57,23
57,24
57,25
57,26
57,27
57,28
57,29
57,30
57,31
57,32
57,33
57,34
57,35
57,36
57,37
57,38
57,39
57,40
57,41
57,42
57,43
57,44
57,45
57,46
57,47
57,48
57,49
57,50
57,51
57,52
57,53
57,54
57,55
57,56
57,57
57,58
57,59
57,60
57,61
57,62
57,63
57,64
57,65
57,66
57,67
57,68
57,69
57,70
57,71
57,72
57,73
57,74
57,75
57,76
57,77
57,78
57,79
57,80
57,81
57,82
57,83
57,84
57,85
57,86
57,87
57,88
57,89
57,90
57,91
57,92
57,93
57,94
57,95
57,96
57,97
57,98
57,99
57,100
57,101
57,102
57,103
57,104
57,105
57,106
57,107
57,108
57,109
57,110
57,111
57,112
57,113
57,114
57,115
57,117
57,119
57,122
57,123
57,127
57,130
57,148
57,153
57,154
57,156
57,158
57,159
57,161
62,1
62,2
62,3
62,4
62,5
62,6
62,7
62,8
62,9
62,10
62,11
62,12
62,13
62,14
62,15
62,16
62,17
62,18
62,19
62,20
62,21
62,22
62,23
62,24
62,25
62,26
62,27
62,28
62,29
62,30
62,31
62,32
62,33
62,34
62,35
62,36
62,37
62,38
62,39
62,40
62,41
62,42
62,43
62,44
62,45
62,46
62,47
62,48
62,49
62,50
62,51
62,52
62,53
62,54
62,55
62,56
62,57
62,58
62,59
62,60
62,61
62,62
62,63
62,64
62,65
62,66
62,67
62,68
62,69
62,70
62,71
62,72
62,73
62,74
62,75
62,76
62,77
62,78
62,79
62,80
62,81
62,82
62,83
62,84
62,85
62,86
62,87
62,88
62,89
62,90
62,91
62,92
62,93
62,94
62,95
62,96
62,97
62,98
62,99
62,100
62,101
62,102
62,103
62,104
62,105
62,106
62,107
62,108
62,109
62,110
62,111
62,112
62,113
62,114
62,115
62,116
62,117
62,118
62,119
62,120
62,121
62,122
62,125
62,126
62,127
62,128
62,130
62,131
62,132
62,133
62,134
62,135
62,138
62,139
62,140
62,141
62,142
62,144
62,145
62,146
62,147
62,148
62,151
62,158
62,159
62,162
67,1
67,2
67,3
67,4
67,5
67,6
67,7
67,8
67,9
67,10
67,11
67,12
67,13
67,14
67,15
67,16
67,17
67,18
67,19
67,20
67,21
67,22
67,23
67,24
67,25
67,26
67,27
67,28
67,29
67,30
67,31
67,32
67,33
67,34
67,35
67,36
67,37
67,38
67,39
67,40
67,41
67,42
67,43
67,44
67,45
67,46
67,47
67,48
67,49
67,50
67,51
67,52
67,53
67,54
67,55
67,56
67,57
67,58
67,59
67,60
67,61
67,62
67,63
67,64
67,65
67,66
67,67
67,68
67,69
67,70
67,71
67,72
67,73
67,74
67,75
67,76
67,77
67,78
67,79
67,80
67,81
67,82
67,83
67,84
67,85
67,86
67,87
67,88
67,89
67,90
67,91
67,92
67,93
67,94
67,95
67,96
67,97
67,98
67,99
67,100
67,101
67,102
67,103
67,104
67,105
67,106
67,107
67,108
67,109
67,110
67,111
67,112
67,113
67,114
67,117
67,120
67,121
67,124
67,126
67,131
67,136
67,137
67,139
67,142
67,145
67,146
67,148
67,150
67,152
67,153
67,154
67,156
67,158
67,160
67,161
72,1
72,2
72,3
72,4
72,5
72,6
72,7
72,8
72,9
72,10
72,11
72,12
72,13
72,14
72,15
72,16
72,17
72,18
72,19
72,20
72,21
72,22
72,23
72,24
72,25
72,26
72,27
72,28
72,29
72,30
72,31
72,32
72,33
72,34
72,35
72,36
72,37
72,38
72,39
72,40
72,41
72,42
72,43
72,44
72,45
72,46
72,47
72,48
72,49
72,50
72,51
72,52
72,53
72,54
72,55
72,56
72,57
72,58
72,59
72,60
72,61
72,62
72,63
72,64
72,65
72,66
72,67
72,68
72,69
72,70
72,71
72,72
72,73
72,74
72,75
72,76
72,77
72,78
72,79
72,80
72,81
72,82
72,83
72,84
72,85
72,86
72,87
72,88
72,89
72,90
72,91
72,92
72,93
72,94
72,95
72,96
72,97
72,98
72,99
72,100
72,101
72,102
72,103
72,104
72,105
72,106
72,107
72,108
72,109
72,110
72,111
72,112
72,113
72,114
72,115
72,116
72,117
72,118
72,119
72,120
72,121
72,122
72,123
72,124
72,125
72,126
72,127
72,129
72,130
72,131
72,132
72,133
72,134
72,135
72,136
72,137
72,138
72,139
72,140
72,143
72,144
72,145
72,146
72,147
72,148
72,149
72,150
72,151
72,152
72,153
72,154
72,155
72,156
72,159
72,160
72,162
77,1
77,2
77,3
77,4
77,5
77,6
77,7
77,8
77,9
77,10
77,11
77,12
77,13
77,14
77,15
77,16
77,17
77,18
77,19
77,20
77,21
77,22
77,23
77,24
77,25
77,26
77,27
77,28
77,29
77,30
77,31
77,32
77,33
77,34
77,35
77,36
77,37
77,38
77,39
77,40
77,41
77,42
77,43
77,44
77,45
77,46
77,47
77,48
77,49
77,50
77,51
77,52
77,53
77,54
77,55
77,56
77,57
77,58
77,59
77,60
77,61
77,62
77,63
77,64
77,65
77,66
77,67
77,68
77,69
77,70
77,71
77,72
77,73
77,74
77,75
77,76
77,77
77,78
77,79
77,80
77,81
77,82
77,83
77,84
77,85
77,86
77,87
77,88
77,89
77,90
77,91
77,92
77,93
77,94
77,95
77,96
77,97
77,98
77,99
77,100
77,101
77,102
77,103
77,104
77,105
77,106
77,107
77,108
77,109
77,110
77,111
77,112
77,113
77,114
77,115
77,116
77,119
77,120
77,121
77,123
77,124
77,127
77,128
77,130
77,132
77,133
77,135
77,136
77,137
77,138
77,139
77,140
77,142
77,143
77,144
77,146
77,147
77,148
77,149
77,150
77,151
77,152
77,153
77,154
77,155
77,156
77,157
77,158
77,159
77,160
77,161
77,162
82,1
82,2
82,3
82,4
82,5
82,6
82,7
82,8
82,9
82,10
82,11
82,12
82,13
82,14
82,15
82,16
82,17
82,18
82,19
82,20
82,21
82,22
82,23
82,24
82,25
82,26
82,27
82,28
82,29
82,30
82,31
82,32
82,33
82,34
82,35
82,36
82,37
82,38
82,39
82,40
82,41
82,42
82,43
82,44
82,45
82,46
82,47
82,48
82,49
82,50
82,51
82,52
82,53
82,54
82,55
82,56
82,57
82,58
82,59
82,60
82,61
82,62
82,63
82,64
82,65
82,66
82,67
82,68
82,69
82,70
82,71
82,72
82,73
82,74
82,75
82,76
82,77
82,78
82,79
82,80
82,81
82,82
82,83
82,84
82,85
82,86
82,87
82,88
82,89
82,90
82,91
82,92
82,93
82,94
82,95
82,96
82,97
82,98
82,99
82,100
82,101
82,102
82,103
82,104
82,105
82,106
82,107
82,108
82,109
82,110
82,111
82,112
82,113
82,114
82,116
82,117
82,119
82,120
82,121
82,123
82,124
82,125
82,126
82,127
82,128
82,130
82,131
82,133
82,134
82,138
82,139
82,141
82,142
82,143
82,146
82,147
82,149
82,151
82,152
82,153
82,154
82,155
82,156
82,157
82,158
82,159
82,161
82,162
87,1
87,2
87,3
87,4
87,5
87,6
87,7
87,8
87,9
87,10
87,11
87,12
87,13
87,14
87,15
87,16
87,17
87,18
87,19
87,20
87,21
87,22
87,23
87,24
87,25
87,26
87,27
87,28
87,29
87,30
87,31
87,32
87,33
87,34
87,35
87,36
87,37
87,38
87,39
87,40
87,41
87,42
87,43
87,44
87,45
87,46
87,47
87,48
87,49
87,50
87,51
87,52
87,53
87,54
87,55
87,56
87,57
87,58
87,59
87,60
87,61
87,62
87,63
87,64
87,65
87,66
87,67
87,68
87,69
87,70
87,71
87,72
87,73
87,74
87,75
87,76
87,77
87,78
87,79
87,80
87,81
87,82
87,83
87,84
87,85
87,86
87,87
87,88
87,89
87,90
87,91
87,92
87,93
87,94
87,95
87,96
87,97
87,98
87,99
87,100
87,101
87,102
87,103
87,104
87,105
87,106
87,107
87,108
87,109
87,110
87,111
87,112
87,113
87,114
87,115
87,117
87,119
87,120
87,121
87,122
87,123
87,124
87,125
87,126
87,127
87,129
87,130
87,131
87,132
87,133
87,134
87,135
87,136
87,137
87,138
87,139
87,140
87,141
87,142
87,143
87,144
87,145
87,146
87,147
87,148
87,149
87,150
87,152
87,153
87,154
87,155
87,156
87,157
87,158
87,160
87,161
87,162
92,1
92,2
92,3
92,4
92,5
92,6
92,7
92,8
92,9
92,10
92,11
92,12
92,13
92,14
92,15
92,16
92,17
92,18
92,19
92,20
92,21
92,22
92,23
92,24
92,25
92,26
92,27
92,28
92,29
92,30
92,31
92,32
92,33
92,34
92,35
92,36
92,37
92,38
92,39
92,40
92,41
92,42
92,43
92,44
92,45
92,46
92,47
92,48
92,49
92,50
92,51
92,52
92,53
92,54
92,55
92,56
92,57
92,58
92,59
92,60
92,61
92,62
92,63
92,64
92,65
92,66
92,67
92,68
92,69
92,70
92,71
92,72
92,73
92,74
92,75
92,76
92,77
92,78
92,79
92,80
92,81
92,82
92,83
92,84
92,85
92,86
92,87
92,88
92,89
92,90
92,91
92,92
92,93
92,94
92,95
92,96
92,97
92,98
92,99
92,100
92,101
92,102
92,103
92,104
92,105
92,106
92,107
92,108
92,109
92,110
92,111
92,112
92,113
92,114
92,116
92,117
92,118
92,119
92,120
92,121
92,122
92,123
92,124
92,125
92,126
92,127
92,128
92,129
92,130
92,132
92,133
92,134
92,135
92,136
92,137
92,138
92,139
92,140
92,141
92,142
92,143
92,144
92,145
92,146
92,147
92,148
92,151
92,152
92,153
92,154
92,155
92,156
92,157
92,158
92,159
92,160
92,161
92,162
97,1
97,2
97,3
97,4
97,5
97,6
97,7
97,8
97,9
97,10
97,11
97,12
97,13
97,14
97,15
97,16
97,17
97,18
97,19
97,20
97,21
97,22
97,23
97,24
97,25
97,26
97,27
97,28
97,29
97,30
97,31
97,32
97,33
97,34
97,35
97,36
97,37
97,38
97,39
97,40
97,41
97,42
97,43
97,44
97,45
97,46
97,47
97,48
97,49
97,50
97,51
97,52
97,53
97,54
97,55
97,56
97,57
97,58
97,59
97,60
97,61
97,62
97,63
97,64
97,65
97,66
97,67
97,68
97,69
97,70
97,71
97,72
97,73
97,74
97,75
97,76
97,77
97,78
97,79
97,80
97,81
97,82
97,83
97,84
97,85
97,86
97,87
97,88
97,89
97,90
97,91
97,92
97,93
97,94
97,95
97,96
97,97
97,98
97,99
97,100
97,101
97,102
97,103
97,104
97,105
97,106
97,107
97,108
97,109
97,110
97,111
97,112
97,113
97,114
97,115
97,116
97,117
97,118
97,119
97,120
97,121
97,122
97,123
97,124
97,125
97,126
97,127
97,128
97,129
97,130
97,131
97,132
97,133
97,134
97,135
97,136
97,137
97,138
97,139
97,140
97,141
97,142
97,143
97,144
97,146
97,147
97,148
97,149
97,150
97,151
97,152
97,153
97,154
97,155
97,156
97,157
97,158
97,159
97,160
97,161
97,162
