Identity,Position,NormalizedPosition,Residue
57,1,0.004310344827586207,M
57,2,0.008620689655172414,T
57,3,0.01293103448275862,R
57,4,0.017241379310344827,T
57,5,0.021551724137931036,V
57,28,0.1206896551724138,M
57,35,0.15086206896551724,W
57,36,0.15517241379310345,Y
57,37,0.15948275862068967,L
57,38,0.16379310344827586,L
57,39,0.16810344827586207,Y
57,40,0.1724137931034483,C
57,41,0.17672413793103448,K
57,42,0.1810344827586207,R
57,43,0.1853448275862069,G
57,44,0.1896551724137931,Q
57,47,0.2025862068965517,R
57,48,0.20689655172413793,A
57,52,0.22413793103448276,L
57,53,0.22844827586206898,C
57,55,0.23706896551724138,R
57,56,0.2413793103448276,Q
57,58,0.25,V
57,60,0.25862068965517243,C
57,63,0.27155172413793105,P
57,68,0.29310344827586204,E
57,69,0.2974137931034483,K
57,72,0.3103448275862069,R
57,73,0.3146551724137931,G
57,74,0.31896551724137934,K
57,75,0.3232758620689655,R
57,80,0.3448275862068966,E
57,82,0.35344827586206895,L
57,83,0.3577586206896552,F
57,84,0.3620689655172414,P
57,85,0.36637931034482757,N
57,86,0.3706896551724138,Y
57,87,0.375,L
57,88,0.3793103448275862,F
57,91,0.3922413793103448,F
57,92,0.39655172413793105,D
57,97,0.41810344827586204,I
57,98,0.4224137931034483,H
57,99,0.4267241379310345,T
57,100,0.43103448275862066,T
57,101,0.4353448275862069,T
57,104,0.4482758620689655,S
57,105,0.4525862068965517,T
57,106,0.45689655172413796,R
57,107,0.46120689655172414,G
57,108,0.46551724137931033,V
57,111,0.47844827586206895,F
57,113,0.4870689655172414,R
57,114,0.49137931034482757,F
57,115,0.4956896551724138,G
57,117,0.5043103448275862,R
57,119,0.5129310344827587,P
57,122,0.5258620689655172,V
57,123,0.5301724137931034,P
57,127,0.5474137931034483,I
57,130,0.5603448275862069,L
57,148,0.6379310344827587,P
57,153,0.6594827586206896,G
57,154,0.6637931034482759,D
57,156,0.6724137931034483,V
57,158,0.6810344827586207,I
57,159,0.6853448275862069,T
57,161,0.6939655172413793,G
57,163,0.7025862068965517,F
57,165,0.7112068965517241,G
57,168,0.7241379310344828,A
57,169,0.728448275862069,I
57,172,0.7413793103448276,E
57,173,0.7456896551724138,P
57,175,0.7543103448275862,G
57,176,0.7586206896551724,E
57,178,0.7672413793103449,R
57,179,0.771551724137931,S
57,181,0.7801724137931034,L
57,182,0.7844827586206896,L
57,183,0.7887931034482759,L
57,184,0.7931034482758621,N
57,185,0.7974137931034483,C
57,186,0.8017241379310345,Y
57,187,0.8060344827586207,C
57,188,0.8103448275862069,L
57,190,0.8189655172413793,L
57,191,0.8232758620689655,N
57,200,0.8620689655172413,N
57,203,0.875,F
57,205,0.8836206896551724,K
57,225,0.9698275862068966,L
57,229,0.9870689655172413,L
62,17,0.07024793388429752,I
62,20,0.08264462809917356,I
62,21,0.08677685950413223,N
62,45,0.1859504132231405,S
62,49,0.2024793388429752,I
62,67,0.2768595041322314,M
62,70,0.2892561983471074,W
62,76,0.3140495867768595,K
62,77,0.3181818181818182,R
62,78,0.32231404958677684,G
62,79,0.32644628099173556,Q
62,89,0.3677685950413223,R
62,90,0.371900826446281,Q
62,94,0.3884297520661157,C
62,102,0.4214876033057851,E
62,103,0.4256198347107438,K
62,109,0.45041322314049587,R
62,116,0.4793388429752066,L
62,118,0.48760330578512395,P
62,120,0.49586776859504134,Y
62,121,0.5,L
62,125,0.5165289256198347,F
62,126,0.5206611570247934,D
62,128,0.5289256198347108,E
62,131,0.5413223140495868,H
62,132,0.5454545454545454,T
62,133,0.5495867768595041,T
62,134,0.5537190082644629,T
62,135,0.5578512396694215,I
62,138,0.5702479338842975,T
62,139,0.5743801652892562,R
62,140,0.5785123966942148,G
62,141,0.5826446280991735,V
62,142,0.5867768595041323,S
62,144,0.5950413223140496,F
62,145,0.5991735537190083,V
62,146,0.6033057851239669,R
62,147,0.6074380165289256,F
62,151,0.6239669421487604,P
62,162,0.6694214876033058,L
62,189,0.78099173553719,G
62,193,0.7975206611570248,G
62,196,0.8099173553719008,A
62,197,0.8140495867768595,I
62,198,0.8181818181818182,Y
62,201,0.8305785123966942,P
62,202,0.8347107438016529,D
62,204,0.8429752066115702,E
62,206,0.8512396694214877,R
62,207,0.8553719008264463,S
62,209,0.8636363636363636,L
62,210,0.8677685950413223,L
62,211,0.871900826446281,L
62,212,0.8760330578512396,N
62,214,0.8842975206611571,L
62,215,0.8884297520661157,N
62,218,0.9008264462809917,V
62,221,0.9132231404958677,S
62,224,0.9256198347107438,N
62,227,0.9380165289256198,F
62,240,0.9917355371900827,K
62,241,0.9958677685950413,M
62,242,1.0,R
67,4,0.02,A
67,5,0.025,S
67,6,0.03,W
67,7,0.035,P
67,8,0.04,G
67,9,0.045,S
67,10,0.05,H
67,11,0.055,Y
67,12,0.06,H
67,13,0.065,Y
67,14,0.07,P
67,15,0.075,F
67,16,0.08,I
67,18,0.09,I
67,19,0.095,S
67,22,0.11,I
67,23,0.115,V
67,24,0.12,G
67,25,0.125,K
67,26,0.13,R
67,27,0.135,R
67,28,0.14,M
67,29,0.145,M
67,32,0.16,W
67,33,0.165,Y
67,34,0.17,L
67,35,0.175,L
67,36,0.18,Y
67,37,0.185,C
67,38,0.19,K
67,40,0.2,G
67,41,0.205,Q
67,42,0.21,L
67,44,0.22,R
67,47,0.235,E
67,48,0.24,H
67,50,0.25,E
67,51,0.255,R
67,52,0.26,Q
67,54,0.27,V
67,56,0.28,C
67,59,0.295,P
67,64,0.32,E
67,65,0.325,K
67,68,0.34,R
67,69,0.345,G
67,71,0.355,R
67,80,0.4,P
67,81,0.405,N
67,84,0.42,F
67,93,0.465,H
67,95,0.475,T
67,96,0.48,T
67,98,0.49,S
67,99,0.495,A
67,100,0.5,T
67,101,0.505,R
67,104,0.52,S
67,107,0.535,V
67,110,0.55,G
67,113,0.565,P
67,124,0.62,L
67,136,0.68,Y
67,137,0.685,S
67,150,0.75,I
67,152,0.76,D
67,153,0.765,G
67,154,0.77,A
67,156,0.78,G
67,160,0.8,G
67,161,0.805,L
67,163,0.815,A
67,164,0.82,I
67,165,0.825,Y
67,167,0.835,E
67,168,0.84,P
67,169,0.845,D
67,170,0.85,G
67,171,0.855,E
67,174,0.87,S
67,176,0.88,L
67,177,0.885,L
67,179,0.895,N
67,185,0.925,V
67,188,0.94,I
67,192,0.96,N
67,195,0.975,F
72,57,0.20577617328519857,H
72,63,0.22743682310469315,M
72,66,0.23826714801444043,W
72,67,0.24187725631768953,Y
72,72,0.259927797833935,K
72,73,0.26353790613718414,R
72,74,0.26714801444043323,G
72,75,0.27075812274368233,Q
72,85,0.30685920577617326,R
72,91,0.3285198555956679,V
72,105,0.37906137184115524,R
72,111,0.4007220216606498,V
72,114,0.41155234657039713,P
72,115,0.4151624548736462,L
72,116,0.4187725631768953,F
72,118,0.4259927797833935,N
72,119,0.4296028880866426,Y
72,122,0.4404332129963899,I
72,123,0.44404332129963897,E
72,125,0.45126353790613716,D
72,127,0.4584837545126354,E
72,129,0.4657039711191336,I
72,130,0.4693140794223827,H
72,132,0.47653429602888087,T
72,133,0.48014440433212996,T
72,134,0.48375451263537905,I
72,135,0.48736462093862815,S
72,138,0.4981949458483754,R
72,140,0.5054151624548736,V
72,143,0.516245487364621,F
72,144,0.51985559566787,V
72,147,0.5306859205776173,W
72,149,0.5379061371841155,P
72,151,0.5451263537906137,R
72,155,0.5595667870036101,F
72,159,0.5740072202166066,P
72,162,0.5848375451263538,S
72,166,0.5992779783393501,G
72,172,0.6209386281588448,R
72,175,0.631768953068592,A
72,180,0.6498194945848376,V
72,181,0.6534296028880866,P
72,184,0.6642599277978339,V
72,193,0.6967509025270758,K
72,198,0.7148014440433214,L
72,199,0.7184115523465704,S
72,200,0.7220216606498195,T
72,205,0.740072202166065,I
72,208,0.7509025270758123,D
72,209,0.7545126353790613,P
72,211,0.7617328519855595,T
72,212,0.7653429602888087,P
72,215,0.776173285198556,G
72,216,0.779783393501805,D
72,218,0.7870036101083032,V
72,220,0.7942238267148014,I
72,221,0.7978339350180506,T
72,223,0.8050541516245487,G
72,224,0.8086642599277978,A
72,225,0.8122743682310469,F
72,226,0.8158844765342961,E
72,227,0.8194945848375451,G
72,228,0.8231046931407943,L
72,230,0.8303249097472925,A
72,231,0.8339350180505415,I
72,232,0.8375451263537906,F
72,233,0.8411552346570397,T
72,234,0.8447653429602888,E
72,235,0.8483754512635379,P
72,236,0.851985559566787,D
72,237,0.855595667870036,G
72,238,0.8592057761732852,E
72,239,0.8628158844765343,A
72,240,0.8664259927797834,R
72,241,0.8700361010830325,S
72,242,0.8736462093862816,M
72,243,0.8772563176895307,L
72,244,0.8808664259927798,L
72,245,0.8844765342960289,L
72,246,0.8880866425992779,N
72,247,0.8916967509025271,L
72,248,0.8953068592057761,L
72,249,0.8989169675090253,N
72,250,0.9025270758122743,K
72,251,0.9061371841155235,Q
72,252,0.9097472924187726,V
72,254,0.9169675090252708,Q
72,255,0.9205776173285198,S
72,256,0.924187725631769,V
72,258,0.9314079422382672,N
72,261,0.9422382671480144,F
72,263,0.9494584837545126,K
72,264,0.9530685920577617,L
72,265,0.9566787003610109,S
72,267,0.9638989169675091,R
72,268,0.9675090252707581,S
72,269,0.9711191335740073,E
72,274,0.9891696750902527,K
72,275,0.9927797833935018,P
77,23,0.1270718232044199,K
77,24,0.13259668508287292,R
77,25,0.13812154696132597,G
77,26,0.143646408839779,Q
77,27,0.14917127071823205,L
77,29,0.16022099447513813,R
77,30,0.16574585635359115,A
77,31,0.1712707182320442,Q
77,32,0.17679558011049723,E
77,44,0.2430939226519337,P
77,46,0.2541436464088398,I
77,48,0.26519337016574585,L
77,49,0.27071823204419887,E
77,50,0.27624309392265195,K
77,53,0.292817679558011,R
77,54,0.2983425414364641,G
77,55,0.30386740331491713,K
77,56,0.30939226519337015,R
77,59,0.3259668508287293,V
77,60,0.3314917127071823,S
77,61,0.3370165745856354,E
77,62,0.3425414364640884,P
77,64,0.35359116022099446,F
77,65,0.35911602209944754,P
77,77,0.425414364640884,I
77,80,0.4419889502762431,T
77,92,0.5082872928176796,V
77,95,0.5248618784530387,G
77,99,0.5469613259668509,A
77,112,0.6187845303867403,Y
77,128,0.7071823204419889,D
77,142,0.7845303867403315,A
77,157,0.8674033149171271,L
77,158,0.8729281767955801,N
77,161,0.8895027624309392,N
82,28,0.10852713178294573,W
82,38,0.14728682170542637,L
82,43,0.16666666666666666,E
82,45,0.1744186046511628,L
82,47,0.1821705426356589,R
82,83,0.32170542635658916,P
82,89,0.3449612403100775,E
82,90,0.3488372093023256,F
82,96,0.37209302325581395,H
82,97,0.375968992248062,T
82,100,0.3875968992248062,I
82,103,0.3992248062015504,T
82,104,0.40310077519379844,R
82,107,0.41472868217054265,S
82,110,0.4263565891472868,V
82,111,0.43023255813953487,R
82,117,0.45348837209302323,A
82,125,0.4844961240310077,H
82,126,0.4883720930232558,Q
82,131,0.5077519379844961,Q
82,134,0.5193798449612403,E
82,141,0.5465116279069767,T
82,165,0.6395348837209303,E
82,172,0.6666666666666666,L
82,174,0.6744186046511628,A
82,178,0.689922480620155,S
82,179,0.6937984496124031,M
82,180,0.6976744186046512,L
82,181,0.7015503875968992,L
82,182,0.7054263565891473,L
82,183,0.7093023255813954,N
82,184,0.7131782945736435,L
82,185,0.7170542635658915,L
82,186,0.7209302325581395,N
82,187,0.7248062015503876,A
82,188,0.7286821705426356,K
82,190,0.7364341085271318,V
82,192,0.7441860465116279,Q
82,193,0.748062015503876,S
82,194,0.751937984496124,V
82,195,0.7558139534883721,K
82,196,0.7596899224806202,N
82,197,0.7635658914728682,T
82,199,0.7713178294573644,F
82,203,0.7868217054263565,L
82,204,0.7906976744186046,A
82,205,0.7945736434108527,I
82,206,0.7984496124031008,V
82,207,0.8023255813953488,Q
82,208,0.8062015503875969,N
82,209,0.810077519379845,T
82,210,0.813953488372093,T
82,211,0.8178294573643411,S
82,212,0.8217054263565892,R
82,213,0.8255813953488372,K
82,232,0.8992248062015504,S
82,233,0.9031007751937985,P
82,245,0.9496124031007752,C
82,250,0.9689922480620154,R
87,2,0.012269938650306749,Q
87,4,0.024539877300613498,W
87,5,0.03067484662576687,Y
87,6,0.03680981595092025,L
87,7,0.04294478527607362,L
87,8,0.049079754601226995,Y
87,9,0.05521472392638037,C
87,10,0.06134969325153374,K
87,11,0.06748466257668712,R
87,12,0.0736196319018405,G
87,13,0.07975460122699386,Q
87,14,0.08588957055214724,L
87,15,0.09202453987730061,Q
87,17,0.10429447852760736,A
87,18,0.11042944785276074,Q
87,19,0.1165644171779141,E
87,20,0.12269938650306748,H
87,21,0.12883435582822086,L
87,49,0.3006134969325153,P
87,50,0.3067484662576687,L
87,51,0.3128834355828221,F
87,52,0.31901840490797545,P
87,53,0.32515337423312884,N
87,56,0.34355828220858897,F
87,58,0.3558282208588957,E
87,63,0.38650306748466257,V
87,70,0.4294478527607362,N
87,76,0.4662576687116564,S
87,101,0.6196319018404908,K
87,114,0.6993865030674846,G
87,115,0.7055214723926381,D
87,122,0.7484662576687117,G
87,129,0.7914110429447853,A
87,132,0.8098159509202454,T
87,135,0.8282208588957055,D
87,136,0.8343558282208589,G
87,137,0.8404907975460123,E
87,140,0.8588957055214724,S
87,144,0.8834355828220859,L
87,145,0.8895705521472392,N
87,148,0.9079754601226994,N
87,150,0.9202453987730062,E
87,160,0.9815950920245399,F
92,3,0.01818181818181818,S
92,27,0.16363636363636364,N
92,38,0.23030303030303031,I
92,45,0.2727272727272727,A
92,55,0.3333333333333333,L
92,84,0.509090909090909,S
92,87,0.5272727272727272,I
92,91,0.5515151515151515,A
92,109,0.6606060606060606,T
92,112,0.6787878787878788,P
92,116,0.703030303030303,V
92,118,0.7151515151515152,I
92,128,0.7757575757575758,A
92,151,0.9151515151515152,K
92,159,0.9636363636363636,N
92,163,0.9878787878787879,K
92,164,0.9939393939393939,N
97,25,0.10245901639344263,R
97,70,0.28688524590163933,I
97,98,0.4016393442622951,V
97,102,0.4180327868852459,L
97,103,0.42213114754098363,S
97,108,0.4426229508196721,A
97,115,0.4713114754098361,F
97,131,0.5368852459016393,H
97,149,0.610655737704918,P
97,150,0.6147540983606558,G
97,165,0.6762295081967213,A
97,166,0.680327868852459,I
97,167,0.6844262295081968,F
97,168,0.6885245901639344,T
97,169,0.6926229508196722,E
97,170,0.6967213114754098,P
97,171,0.7008196721311475,D
97,172,0.7049180327868853,G
97,173,0.7090163934426229,E
97,174,0.7131147540983607,A
97,175,0.7172131147540983,R
97,177,0.7254098360655737,S
97,178,0.7295081967213115,M
97,179,0.7336065573770492,L
97,180,0.7377049180327869,L
97,181,0.7418032786885246,L
97,182,0.7459016393442623,N
97,183,0.75,L
97,184,0.7540983606557377,I
97,185,0.7581967213114754,N
97,186,0.7622950819672131,K
97,187,0.7663934426229508,E
97,188,0.7704918032786885,I
97,189,0.7745901639344263,K
97,190,0.7786885245901639,H
97,191,0.7827868852459017,S
97,192,0.7868852459016393,V
97,193,0.7909836065573771,K
97,194,0.7950819672131147,N
97,195,0.7991803278688525,T
97,196,0.8032786885245902,E
97,197,0.8073770491803278,F
97,198,0.8114754098360656,R
97,199,0.8155737704918032,K
97,200,0.819672131147541,L
97,203,0.8319672131147541,R
97,204,0.8360655737704918,N
97,205,0.8401639344262295,P
97,206,0.8442622950819673,K
97,207,0.8483606557377049,Q
97,208,0.8524590163934426,C
97,209,0.8565573770491803,F
97,210,0.860655737704918,D
97,211,0.8647540983606558,I
97,212,0.8688524590163934,G
97,213,0.8729508196721312,I
97,214,0.8770491803278688,R
97,215,0.8811475409836066,G
97,216,0.8852459016393442,G
97,217,0.889344262295082,S
97,218,0.8934426229508197,Q
97,219,0.8975409836065574,P
97,220,0.9016393442622951,C
97,221,0.9057377049180327,G
97,222,0.9098360655737705,I
97,223,0.9139344262295082,F
97,224,0.9180327868852459,S
97,225,0.9221311475409836,T
97,226,0.9262295081967213,P
97,227,0.930327868852459,V
97,228,0.9344262295081968,R
97,229,0.9385245901639344,N
97,230,0.9426229508196722,T
97,231,0.9467213114754098,L
97,232,0.9508196721311475,Q
97,233,0.9549180327868853,N
97,234,0.9590163934426229,M
97,235,0.9631147540983607,G
97,236,0.9672131147540983,Q
97,242,0.9918032786885246,A
97,243,0.9959016393442623,P
97,244,1.0,G
